标题,中文摘要
多重入医疗服务运作管理研究,经过近三十年的医疗改革，中国医疗系统取得了一定成就，但仍然存在着关键医疗资源短缺的问题。本项目针对多重入医疗服务，进行能力分派与患者流控制研究，以保证患者诊疗连续性，减少患者等待时间，进而提高医疗服务水平与患者满意度。针对连续与非连续时间间隔的多重入医疗系统，本项目考虑考虑患者异质目标等待时间与多患者诊疗连贯性进行能力分派研究，考虑目标等待时间进行连续重入患者流控制研究，以及考虑不确定诊疗方案进行非连续重入患者流控制。最后结合上海瑞金医院、上海市仁济医院，无锡、常州等多地医院的实际情况，进行案例研究。本项目将丰富完善医疗运作管理研究，具有重要的理论和应用价值。
基于社会网络分析及NK模型的重大建设项目干系人关系研究,重大建设项目投资规模大、建设工期长， 技术难度高、项目干系人多，各个环节之间的关系错综复杂，对国家和区域性经济、社会以及环境具有较为深远的影响。重大建设项目干系人（Stakeholder）的关系分析及管理具有高度的复杂性和动态性，对项目的成功完成具有至关重要的意义。本研究拟将社会网络分析（SNA）方法和NK模型的结合，实现下述研究目标：（1）提出重大建设项目干系人识别方法与分类标准，为项目管理者提出一套重大建设项目全生命周期的干系人的识别程序与操作标准；（2）构建重大建设项目干系人关系管理策略及其仿真评价模型，为项目管理者科学管理重大建设项目干系人提供一种有效方法。本研究成果将丰富和发展管理者对重大建设项目干系人以及他们之间关系的科学认识，为项目管理者更好地处理干系人之间的关系提供良好的认识基础；拟构建的干系人识别及关系仿真分析方法能为重大建设项目干系人管理提供理论依据和技术支撑。
基于深度学习的大数据制造过程质量智能诊断研究,"针对基于浅层学习模型的质量诊断方法难以满足大数据制造过程实时质量智能诊断的现状，本项目将以深度学习理论为基础，系统地研究大数据制造过程质量智能诊断方法。首先，将反映大数据制造过程的各种异常状态转化为数字图像，用灰度图建立质量图谱以显现隐含的质量信息。其次，将小波变换方法与深度置信网络有机结合，形成具有去噪能力的特征自学习算法，利用该算法对质量图谱进行特征提取。进而，采用深度置信网络对质量图谱自动识别与分类,形成特征提取与分类识别一体的质量异常识别与参数估计模型。其中要解决的关键问题是如何优化深度置信网络的学习层数与隐层单元数，构建训练耗时短且识别精度高的识别模型。最后，将规则推理与案例推理相融合，利用深度置信网络，建立在线质量诊断专家系统，实现大数据制造过程实时质量智能诊断。本项目的研究成果可有效地应用于智慧工厂现场的实时质量监控与诊断，其对于降低质量事故、提升经济效益具有重要应用价值。"
基于内部损失事件的商业银行操作风险动因机理、量化建模及动态控制研究,国内外频发且损失巨大的商业银行操作风险事件引发了监管层、实务界以及学术界的极大关注。内部损失数据不足是制约操作风险研究的最主要因素。本研究基于项目组多年积累并构建的独有的已有三万余条内部损失事件的商业银行操作风险数据库：剖析人员、流程和IT的操作风险形成动因和作用机理，辅以商业银行交易数据、人员信息、客户信息以及流程和IT运营数据实证研究三个动因模型；结合动因模型与现有的操作风险计量模型，构建更为有效的内外部数据整合模型，基于工作量以及IT操作风险构建资本配置模型；基于动因分析和量化建模，运用数据挖掘、机器学习以及案例推理、知识管理、风险检查等工具方法，构建有效的操作风险管控体系。真实、海量且具有针对性的内部损失事件数据能有效应对基于外部损失事件所解决不了的诸如动因实证分析问题。本研究拓展了商业银行操作风险管理研究的前沿领域，为提升商业银行操作风险管理水平提供切实有效的理论支撑和实践指导。
基于前沿创新特点的新创企业渐进式及互联网融资契约设计研究,结合我国“新常态”经济转型结构调整和产业升级，通过前沿创新驱动长期可持续增长的要求，针对创新主体——新创科技型企业在前沿创新过程不同阶段的研发特点和融资需求，以债股衔接的渐进式直接融资契约设计与互联网融资信用契约为研究对象，运用新经济增长、动态不完全契约、机制设计、社会资本和公司金融等理论，分析企业为主体，高校和科研机构参与的产学研合作前沿创新成果转化和注重专利质量及其市场价值的专利交易特点，以及新创企业研发规律和成长的阶段性特点，设计主要由资产证券化、可转债以及股权组成的衔接、转换和升级的渐进式融资契约或市场机制；研究社会网络及其所蕴含的社会资本对新创企业互惠激励相容的P2P网络借贷契约的影响，设计能提高社会资本效用，进而提升网络借贷效率的契约与机制，以利于可持续创新驱动经济长期增长发展模式的实现。
面向可持续绩效的制造企业间副产品和废料资源化利用关系协调与网络优化研究,随着不可再生资源的过度消耗、工业垃圾和温室气体的过量排放，人类的生存环境日益恶化。在这种情况下，合理利用制造企业产生的副产品和废料已成为政府和企业关注的一个焦点。本项目以可持续绩效最优化为目标，研究制造企业间副产品和废料资源化利用关系协调和网络优化问题。在关系协调问题研究中，我们应用博弈分析方法，分析企业间副产品和废料的交易价格、排污权交易价格等；在网络优化问题研究中，我们主要应用多目标粒子群算法、非支配排序遗传算法，求解副产品和废料在各企业间的分配方案、各企业采购原材料的最优数量等。在研究中，系统考虑了以下决策条件：副产品和废料供应的确定和随机，关系的自组织和被组织、独立和相干；副产品和废料的单属性和多属性、数量属性和可用时段属性；网络层次的单阶段和多阶段等。最后，基于理论研究成果，结合企业生产实践，开发企业决策支持工具。项目研究成果将为企业开展副产品和废料资源化利用提供理论与方法支持。
高维度下联立方程组和工具变量模型的估计、统计推断和模型选择,现代经济、金融活动中每时每刻都产生出大量的数据。而信息存储、数据收集以及信息处理技术的创新和发展给计量经济学理论带来了新的研究问题和挑战。在大数据时代背景下高维度计量经济学正逐渐成为理论和应用问题上的研究热点。高维度计量经济学的研究内容主要为多差异性个体的联立结构模型和网络结构的研究；多变量、多因子模型的估计、选择以及推断等。本课题对这一类问题进行系统性的理论研究并通过现实大数据进行实证问题研究。本课题主要研究下列高维度问题下的微观计量问题：1，多个差异性个体的联立方程估计；2，高维度工具变量理论，及其广义矩估计下的拓展问题；3，在经济增长、横截面回报率、资产投资组合、公司金融、环境经济学等方面的实证经济研究。
权证和期权的信息功能研究,价格发现作为衍生品的基本功能，通常被认为因衍生品的低交易成本吸引人们更多的参与衍生品交易而产生的。但中国权证市场的高投机性和高泡沫和50ETF期权市场的高交易成本，与此前提并不一致，这是否表明在这样的环境下衍生品无法提供有用的信息？本研究将以中国权证及ETF期权市场为对象，从理论和实证两个角度研究期权类衍生品市场的信息发现功能。主要内容包括：一是构建理论模型说明权证和期权市场能反映何种信息，是价格走势信息还是波动信息，是噪音信息还是基本面信息。二是通过实际数据检验权证和期权市场对各类信息的反映速度。三是制度性因素如何影响权证和标的股票的信息效率。针对中国权证和期权市场的信息功能研究，有助于进一步理解定价合理性与信息有效性之间的关系，丰富衍生品与市场效率研究方面的研究文献，也有助于深入理解期权市场信息发现功能的内在机理，寻找到更有效的提高市场效率的方法，为衍生品市场的发展提供有益的参考。
PPP项目收益的形成机理、动态评估与调节机制研究,PPP项目漫长而复杂，其收益内涵不清、评估困难、调节备受争议，本课题主要运用计算实验方法研究如何动态评估与调节PPP项目收益。课题从PPP项目收益的内涵和影响因素入手，构建PPP项目收益分析系统，并基于利益相关者特性和决策认知行为的研究，构建PPP项目价值网，将多智能体技术、系统动力学分析与价值网分析结合，建立PPP项目收益形成与调节计算实验平台，基于计算实验平台：1、模拟价值流在价值网中的变化，探索收益形成机理，基于多主体的投标博弈法研究收益动态评估方法；2、界定合理收益范围，构建项目收益调节的“政治、经济、社会”三维动力驱动机制，并分析其运行规则及演变趋势；3、分析收益形成与调节过程中的动态博弈过程，开展基于多智能体的博弈仿真分析，以收益评估值为控制指标，对不同调节策略与机制进行实验，动态调整收益函数后实现收益调节。课题对提升PPP项目的绩效、可持续性、利益相关者满意度有重要作用。
路面通行时间不确定下通勤个体出行安排决策行为建模与分析,交通系统具有不确定性和动态性两大特征，如何对不确定交通环境下的通勤个体动态决策行为进行诱导和管理一直以来都是困扰政府管理部门的难题。在此背景下，本项目以通勤个体的出行安排决策行为为切入点，首先在一个具有瓶颈的高速路和地铁线路并行提供服务的两模式交通系统中，构建路面通行时间不确定下的出行安排动态决策模型，阐述路面通行时间不确定性与动态时空均衡流量结果之间的内在联系；然后利用实证调查数据对均衡模型中的参数进行标定，考查不确定性偏好和其它异质性对均衡流量分配结果的影响；再次，研究最新提出的可交易电子路票在路面通行时间不确定下管理瓶颈拥挤和方式划分的有效性和公平性。最后，在新的模型框架中研究各种交通运营策略对出行行为和社会福利的影响。本项目的研究旨在通过系统全面的定量分析，就如何提高不确定路面环境下交通系统的出行效率和社会福利提出优化管理的建议。
基于复杂偏好大数据分析的风险性动态大群体应急决策模型研究,以特大突发事件为背景，其特殊性使得应对决策成为高时间压力下动态交互过程，涉及的决策群体具有大规模性、异质性、高复杂性和动态性，决定了这种应急决策是一种复杂大数据环境下的高风险性决策，本项目针对上述问题从复杂偏好大数据结构分析入手，系统地研究风险性动态大群体应急决策模型体系。具体研究内容:(1)利用天津港“8•12”特大爆炸火灾等案例深入分析应急决策复杂偏好大数据特征和分布结构，建立风险性大群体应急决策分析框架；(2)构建基于复杂偏好大数据分析的大群体应急决策风险测度模型；(3)设计应对过程风险状态转移模型和动态风险评价方法，构建大群体应急决策动态风险消解模型；(4)围绕应急决策主题求解，将风险测度模型和风险消解模型有机结合构建大群体应急决策风险消解协调机制；(5)研发基于大数据分析的风险性大群体应急决策实验平台，以天津港特大火灾等案例大数据进行模拟应用，为特大突发事件应急管理提供科学依据。
基于MAS的分布式突发事件应急风险决策方法研究,突发事件应急决策的风险特性是影响决策效果的关键因素。针对动态不确定环境下的多决策者参与、多决策关联和决策之间冲突的复杂决策环境，围绕基于MAS（Multi-Agent System）的分布式突发事件应急风险决策方法展开研究，主要包括：①支持分布式风险决策网络建模与推理，决策目标管理、承诺与生成，备选方案最优化、投票与优选的多Agent应急决策风险分析与协作决策方法；②支持分布式风险决策网络、决策目标与决策方案冲突识别，并行与链式冲突消解的多Agent应急风险决策冲突检测与协调方法；③支持风险评估、目标形成、方案优选与冲突协调信息复杂性，决策主体、决策内容与决策过程协同可靠性，信息交互与协同关系动态优化的多Agent应急风险决策绩效评价与动态优化方法。力图实现应急风险决策与MAS分布式决策理论与方法的有力拓展，同时为分布协作式的突发事件应急决策实践提供科学依据和理论指导。
B2C电子商务人机谈判策略与系统研究,人机谈判是自动谈判研究的重要分支，是实现B2C电子商务自动交易的重要手段。研究的核心问题是机器方（Agent）的谈判策略。目前策略研究缺乏对随机、多变谈判情境的处理能力，因此，无法应对人的谈判行为，不能满足人机谈判的需要。本课题从人的谈判行为研究入手，将经典策略模型的时间依赖和行为依赖特性相结合，设计组合策略模型及策略选择算法，使Agent不局限于某一种策略，而是可以根据对手的谈判行为，动态地选择合适的策略予以应对，极大地提高谈判系统的鲁棒性和灵活性。在此基础上，设计Pareto最优前沿上的组合策略让步机制，将策略选择推广到多属性谈判中去，并将价格谈判同基于论据的谈判相结合，使人机谈判的电子商务实际应用成为可能。最后，依托原型系统进行人机谈判实验，从经济学和社会心理学视角综合评估系统的应用效果，其实证研究结果可为未来基于谈判的电子商务自动交易提供理论依据，具有重要的理论价值和现实意义！
基于公众认知视角的邻避项目环境风险评估与治理研究,近年频发的群体性邻避行为表面上看是公众与企业或政府的冲突，实际则是公众认知视角下的邻避项目环境风险管理缺失。本项目运用系统科学、社会调查、计算实验、认知科学和风险评估等理论与方法，基于公众认知视角研究邻避项目环境风险评估与治理问题。首先系统分析邻避项目环境风险；接着研究公众对邻避项目环境风险的认知；然后挖掘公众认知视角下邻避项目环境风险在时间、空间和性质等维度的演变规律；进而构建邻避项目环境风险系统评估模型，动态描绘风险地图，建立预警机制；最后基于情景模拟邻避项目环境风险治理策略效果，从行为与复杂性视角构建邻避项目环境风险治理体系。项目研究有助于科学认识公众对邻避项目环境风险的认知情况，掌握公众视角下邻避项目环境风险的演变规律，优化邻避项目环境风险评估模型，提高邻避项目环境风险治理策略的适应性。同时，本项目拓展了环境风险研究的范畴，对于环境风险管理理论创新也有一定的贡献。
不良驾驶状态的先兆诊断及干预技术,采用不良驾驶状态指标，作为交通事故代替性指标，研究不良驾驶状态在自然驾驶过程中的产生规律和演化过程的机理，并对其进行主动干预。首先，定义各类不良驾驶状态并确定其阈值，并从大规模自然驾驶实验数据中提取相应指标集及其行为过程数据，构建不良驾驶状态综合评价指标。其次，结合不良驾驶行为过程对应的实时路侧交通流检测数据，追溯不良驾驶状态发生前的驾驶行为过程和交通流状态，构建不良驾驶状态先兆模型，形成不良驾驶状态行为谱。再次，定量标定各类及综合不良驾驶状态先兆的事故风险。最后，提出基于车载终端的驾驶人预警干预策略与方法，切断不良驾驶行为状态演化发展链，规避不良驾驶状态发生。本研究诊断不良驾驶状态的在自然驾驶行为过程中的先兆，提出有效的预警干预策略，不但可以为驾驶人行为干预和管理提供理论依据，还可以为高速公路安全运营控制管理决策策略提供支持，并可以作为自动驾驶车辆或车联网的运行控制策略。
HHT关键问题研究及其在股市联动性分析中的应用,古典时频分析理论对时变非平稳序列提供了有效的分析和处理手段，但由于古典的时频分析方法诸如Fourier变换、小波分析等存在一定的局限性。因此1998年提出了一种新的理论和计算方法被称为Hilbert-Huang变换(HHT)，但该变换的理论与算法还有许多尚未解决的基本问题，比如：经验模式分解(EMD)的解析表示及收敛性和逼近阶问题、分解有效性和精度估计问题、本征模态函数(IMF)的数学模型问题等。在本项目中，我们将构造瞬时频率非负且满足Bedrosian定理的解析正交基的IMF数学模型；建立EMD的解析表示及进行收敛性和有效性分析；研究HHT作为一种时频分布所应满足的基本条件等若干关键问题。同时研究HHT在股市联动中的相关应用，比如对我国A股市场与美股、港股波动关联性进行分析、对我国股市行业间溢出效应进行研究等。
基于新交互作用指标的关联多准则决策方法,基于非可加测度与非线性积分的多准则决策方法允许决策准则间存在各种关联关系，能够柔性集成关联多准则决策信息。然而，现用的概率型交互作用指标不能准确有效地刻画准则间关联关系，影响到了该决策理论与方法体系的合理性与有效性。.本项目旨在提出合理适用的新交互作用指标，进而重构基于非可加测度与非线性积分的关联多准则决策理论与方法体系。首先，从公理化特性体系和结构拓展规律入手，重构准则间边际交互作用量的概念，提出适用于关联多准则决策的新交互作用指标。其次，重构基于新指标的关联偏好信息表示与获取方法、关联偏好信息一致性检验方法、非可加测度确定方法、非线性积分关联集成性质等相关决策理论与方法。最后，研发基于新交互作用指标的关联多准则决策辅助软件。.课题研究成果将丰富非可加测度和关联多准则决策的理论体系，为解决关联多准则决策及综合评价问题提供有效的方法和工具。
面向大型复杂产品研制过程的决策问题模型研究,大型复杂产品的制造是国家战略性支柱产业，其能力和水平体现了一个国家制造业的核心竞争力。本项目针对大型复杂产品研制过程中的特点、难点和目标需求，在大型复杂产品研制过程递进和同步化动态联盟网络理念下，基于决策者个体偏好与总体决策目标效用权衡的思想，以大型复杂产品研制的全过程为研究对象，研究大型复杂产品研制过程的决策问题模型构建技术和方法。主要研究内容包括：大型复杂产品研制工程系统结构与集成决策；大型复杂产品研制决策参与者行为规律与偏好模型；大型复杂产品研制决策过程与信息集结模型等；在此研究基础上，结合协作企业的特定研制项目进行案例研究和实证分析，提炼大型复杂产品研制过程的决策范式转变机理与规律。本项目研究将拓展大型复杂产品研制过程统一决策的相关理论、方法和技术，对提升我国大型复杂产品研制管理决策水平和竞争力具有重要的应用价值。
我国产品生命周期评价中的致癌与非致癌特征化模型研究,"当前，我国缺乏生命周期评价（LCA）的致癌与非致癌特征化模型，因而难以科学地量化与管理我国产品的人类毒性足迹。本研究拟采用多介质逸度模型、化学物质的毒性数据、剂量-反应模型、基于泰勒系列展开的不确定性分析模型，结合各地域的地理、环境、人口、暴露条件，构建我国LCA致癌与非致癌特征化评价模型及其特征化因子的时（2005-2014年度）、空（各省、直辖市）当量系数。模型的验证研究，拟通过模型估算与实测数据对比法、LCA特征化因子对比法、流行病学数据替代法、基于细胞生物学实验的复合毒性分析法,对构建的本土化LCA致癌与非致癌特征化模型进行验证与修正。案例研究拟选取申请人前期研究中构建出的我国重点工业行业典型产品的生命周期清单，进行实证分析；对课题研究提出的方法学进行科学性、可靠性验证与修正，进而为科学地量化与管理我国产品人类毒性足迹提供理论支持。"
线上线下同价背景下双渠道零售商的定价策略与协调机制研究,线上线下同价并不简单的等同于线上线下制定一样的价格，还包括店内比价及全网比价。虽然越来越多的双渠道零售商开始采用线上线下同价策略以缓解渠道冲突，但由于缺乏理论指导，引起广泛争议。针对这样的背景，本项目将以供应链管理、非合作博弈等理论为基础，构建一系列描述不同环境下的供应链决策模型，并设计相应的求解方法，从理论上揭示不同形式的线上线下同价策略的作用机理、相互关系及产生的社会影响，识别出线上线下同价策略的适用环境，并以此为基础，进一步探讨如何转变与供应商的交易模式并设计相应的激励机制以协调供应链，为更好实施线上线下同价策略创造条件。希望本项目的实施能够一定程度上丰富和拓展现有关于零售商的定价策略与渠道管理理论，为我国零售业适应当前网络经济蓬勃发展的新形势，有效提升双渠道供应链的运作水平和管理效益提供有价值的理论指导。
面向大型复杂产品研制过程的决策问题模型研究,大型复杂产品的制造是国家战略性支柱产业，其能力和水平体现了一个国家制造业的核心竞争力。本项目针对大型复杂产品研制过程中的特点、难点和目标需求，在大型复杂产品研制过程递进和同步化动态联盟网络理念下，基于决策者个体偏好与总体决策目标效用权衡的思想，以大型复杂产品研制的全过程为研究对象，研究大型复杂产品研制过程的决策问题模型构建技术和方法。主要研究内容包括：大型复杂产品研制工程系统结构与集成决策；大型复杂产品研制决策参与者行为规律与偏好模型；大型复杂产品研制决策过程与信息集结模型等；在此研究基础上，结合协作企业的特定研制项目进行案例研究和实证分析，提炼大型复杂产品研制过程的决策范式转变机理与规律。本项目研究将拓展大型复杂产品研制过程统一决策的相关理论、方法和技术，对提升我国大型复杂产品研制管理决策水平和竞争力具有重要的应用价值。
我国产品生命周期评价中的致癌与非致癌特征化模型研究,"当前，我国缺乏生命周期评价（LCA）的致癌与非致癌特征化模型，因而难以科学地量化与管理我国产品的人类毒性足迹。本研究拟采用多介质逸度模型、化学物质的毒性数据、剂量-反应模型、基于泰勒系列展开的不确定性分析模型，结合各地域的地理、环境、人口、暴露条件，构建我国LCA致癌与非致癌特征化评价模型及其特征化因子的时（2005-2014年度）、空（各省、直辖市）当量系数。模型的验证研究，拟通过模型估算与实测数据对比法、LCA特征化因子对比法、流行病学数据替代法、基于细胞生物学实验的复合毒性分析法,对构建的本土化LCA致癌与非致癌特征化模型进行验证与修正。案例研究拟选取申请人前期研究中构建出的我国重点工业行业典型产品的生命周期清单，进行实证分析；对课题研究提出的方法学进行科学性、可靠性验证与修正，进而为科学地量化与管理我国产品人类毒性足迹提供理论支持。"
线上线下同价背景下双渠道零售商的定价策略与协调机制研究,线上线下同价并不简单的等同于线上线下制定一样的价格，还包括店内比价及全网比价。虽然越来越多的双渠道零售商开始采用线上线下同价策略以缓解渠道冲突，但由于缺乏理论指导，引起广泛争议。针对这样的背景，本项目将以供应链管理、非合作博弈等理论为基础，构建一系列描述不同环境下的供应链决策模型，并设计相应的求解方法，从理论上揭示不同形式的线上线下同价策略的作用机理、相互关系及产生的社会影响，识别出线上线下同价策略的适用环境，并以此为基础，进一步探讨如何转变与供应商的交易模式并设计相应的激励机制以协调供应链，为更好实施线上线下同价策略创造条件。希望本项目的实施能够一定程度上丰富和拓展现有关于零售商的定价策略与渠道管理理论，为我国零售业适应当前网络经济蓬勃发展的新形势，有效提升双渠道供应链的运作水平和管理效益提供有价值的理论指导。
基于多模式客运系统的同城快递营运网络优化构建方法,利用城市客运系统开展同城快递业务，可使用更少的车辆，满足客货运的需求，达到有效利用城市交通资源，节能减排，缓解交通拥挤的目的。在“客货共运”体系中，如何优化同城快递营运网络，保障快递系统的高效性，提升快递系统的经济和社会效益，是一个迫切需要解决的问题。项目提出以地铁和出租车构成的多模式载运网络为基础，通过两种运输模式的相互协作，提供高效的同城快递服务。在对载运网络时空运营特征解析的基础上，根据客运系统以及同城快递的特性，考虑载运网络的随机性、动态性和多模式协同，以及快递需求的随机性、动态性和多时效性，分别建立保障基本服务水平和最大化经济和社会效益的同城快递营运网络优化模型及算法，并研发营运网络性能和特征分析方法，开展实例研究和模型测试工作。研究为建设“共享经济”环境下的同城快递系统提供新的思路，并推动随机、动态环境下多模式网络优化模型和算法的发展。
多级柔性进度网络背景的复杂装备生产计划灰元递阶排程模型及应用,复杂装备生产具有典型的多品种小批量生产特征，其生产计划涉及复杂装备承制单位多层次主体，且约束因素多、工序工时定额难以测度，传统计划排程模型难以表征复杂装备生产计划的柔性特征。本课题通过解构复杂装备生产计划复杂层次结构，设计用于柔性进度网络背景下的甘特图。通过识别和筛选复杂装备生产计划排程的影响因素，在分析资源约束条件并配置参数基础上，构建面向多型号任务的复杂装备制造能力单元资源分配决策模型。结合复杂装备生产多重灰约束条件，构建复杂装备制造能力单元各工序当量灰时间定额测度模型，研究多重灰约束条件下的排程规则，从而构建多级柔性进度网络背景的复杂装备生产计划灰元递阶排程模型。考虑应急任务情景，研究复杂装备生产计划重排问题。将所构建模型与CF公司多型号复材部件生产计划制定问题结合，设计复杂装备生产计划排程算法并开发原型系统，为多级进度网络和多重灰约束条件下的复杂装备生产计划排程问题提供解决方案。
基于长记忆和结构突变波动率建模的计量理论与应用研究,本课题在非线性、非平稳时间序列视角下，研究金融资产波动率模型。从计量理论到实证分析，本课题具体解决以下几点问题：（1）长记忆与带有结构突变的时间序列模型拥有不同的概率结构性质，基于这些理论性质差异，我们提出一类判别检验来区分平稳长记忆波动率和带结构变点的非平稳短记忆波动率，推导检验量的大样本性质，从计量理论上掌握波动率的实际产生机制和真实动态结构；（2）我们提出一类自适应的非平稳长记忆波动率模型，在此类模型下讨论模型估计、模型设定检验及拟合优度检验等统计推断问题，且用蒙特卡洛模拟考察小样本表现绩效；（3）对带有结构突变的长记忆波动率模型进行实时预测，解决最优预测带宽选择和最优加权系数赋值等问题；（4）将本课题所建立的一类新的非平稳长记忆波动率模型用于对我国股票市场、汇率市场、期货市场等金融资产波动率的实证分析，计算风险在值、期望损失等风险指标，为防范金融风险提供更可靠的量化工具。
高维非线性模型中的因子分析：理论和应用,随着科学技术的日新月异和改革开放后中国经济的快速发展，经济管理中的高维数据，例如大量的宏观经济数据、微观企业数据和行业数据逐渐被应用在国家宏观经济调控、企业投融资决策和金融服务。考虑到现实的宏观经济运作和企业经营管理经常受国家政策和外部环境（例如新技术革新、全球金融危机等）的影响，结构性突变时有发生，这使得目前常用的线性假设在实际的数据分析中变得十分脆弱。采用因子分析的方法，本项目将着重考虑高维时间序列的非线性模型，对非线性高维数据分析做出如下贡献：第一，建立带有结构突变的非线性因子模型及其计量分析方法和理论。第二，建立线性-非线性因子模型及其计量分析方法和理论。第三，解决带有非线性特性的高维数据分析在实证研究中的关键问题。本项目的理论研究具有前瞻性，是计量经济学研究的前沿课题；应用研究具有广泛的实用性，对宏观经济学、金融学、消费者行为学、管理学等学科的实证研究具有重要的指导意义。
面向云医疗系统的资源协同优化配置与调度方法研究,资源协同优化配置与调度是云医疗系统高效化运行管理的关键科学问题。由于医疗服务自身的特殊性以及这种新型互联网医疗服务模式的多组织协同特点，使得这一关键科学问题具体表现为需求不确定情形下医生服务时间的多目标协同优化配置与医疗过程动态条件下患者医疗序列的动态多目标协同优化调度两个复杂的优化问题。基于此，本课题从云医疗系统的实际需求出发，采用学科交叉和学科融合手段，将系统工程思想与运筹学、运作管理、智能计算以及应用数学等领域相结合，围绕上述两个具体的科学问题，在医疗运作管理现有理论成果的基础上，进一步结合云医疗系统医疗全过程协同优化的特点，深入研究面向云医疗系统的资源协同优化配置与调度方法。本课题研究不仅能够解决云医疗系统协同优化管理决策的主要科学问题和难点，而且对解决其他互联网医疗服务系统中的管理决策问题也具有普遍的科学意义。
协同研制背景下复杂装备可靠性增长GERT网络模型研究,复杂装备的多系统协同研制过程一般采用主制造商－供应商组织管理模式，大量的调研和文献研究发现，现有的可靠性增长模型无法较好地解决该模式下装备可靠性增长评价与预测等相关问题。本项目首先从现代复杂装备研制特征出发，搭建多系统协同研制背景下复杂装备可靠性增长GERT网络框架，解析其可靠性增长机制；其次，建立基于GERT网络的装备可靠性增长试验数据“折合传递”模型，可靠性增长评价Bayes推理模型，装备失效率、改进有效性系数和增长潜力的Bayes网络估算模型，共模故障条件下的可靠性增长评价修正模型；再者，考虑协同研制背景下各供应商对于装备可靠性增长的责任、地位与贡献的区别与资源配置问题，建立基于GERT网络的装备可靠性增长供应商识别与评价模型，资源最优配置模型；最后，以中国C919飞机研制为背景，对该项目的理论模型进行检验与应用；为协同研制背景下复杂装备可靠性增长模型建立与技术开发提供解决方案。
中国股市涨跌幅限制的研究——基于计算实验金融的方法,我国股票市场实施10%的涨跌幅限制已近20年，国际证监会组织曾建议我国放松涨跌幅限制的幅度。随着我国金融市场与世界市场联系日益紧密，尤其是沪港通试点的正式启动，或将推动我国股市涨跌幅限制制度的改革。本项目依托中国股票市场指令流数据，开展涨跌幅限制市场绩效的实证研究工作，分析市场参与者下单委托和撤单委托的统计规律，在此基础上构建具有涨跌幅限制特征的委托驱动模型，并采用实证分析结果进行模型校准；以构建的模型为平台，运用计算实验金融的方法，探索股票价格的动态演化规律和涨跌幅限制的内在作用机理，从股市微观结构角度分析涨跌幅限制对股市稳定性的影响；最后，在计算实验平台中运用优化算法，确定一定市场条件设定下的最优涨幅跌幅组合。本项目的顺利实施，将丰富与深化人类对于股票市场复杂演化规律的科学认识，推动计算实验金融学科的发展，并为我国股市涨跌幅限制的完善提供理论指导和政策建议。
低碳运营环境下基于多方竞合博弈的多式联运系统干扰管理研究,构建确保供应链安全的多式联运系统的基础设施低碳化建设和运营是实现我国“一带一路”战略中设施联通和贸易畅通的重要任务。为此，本项目针对低碳运作环境下考虑承运人竞合博弈的多式联运系统的干扰管理问题开展研究，旨在建立一套具有高度抗干扰能力的多式联运网络系统的构建方法。研究内容包括：（1）低碳运作下多式联运各承运人的动态竞合博弈问题；（2）低碳运作与多方竞合下的多式联运网络的关联网络建模与干扰影响分析；（3）低碳运作与多方竞合下的多式联运网络弹复性优化问题。本项目提出动态联盟竞合博弈演化模型、基于关联网络的建模及干扰分析方法、基于Agent的关联网络仿真优化等方法解决此问题。本项目将博弈论、网络理论、优化理论、Agent建模与仿真等理论方法与低碳运营、干扰管理等相结合，对于从多维、多层次综合解决低碳运营环境下多式联运系统干扰管理中的理论难题做了有益探索，为多式联运业务的发展提供了新的决策手段。
基于过程状态特征和广义推断的统计过程控制方法研究,实际生产过程中，大量出现的过程数据非正态性、设计公(容)差和质量损失的非对称性等突出问题，给统计过程控制理论带来了诸多困难和巨大挑战。.本项目以反映上述突出问题的过程状态特征为监控对象，以建立相应的统计过程控制分析、设计和评价方法为研究目标。将广义推断、随机估计等方法和统计过程控制理论有机融合，以过程能力分析、过程状态监控与稳健设计优化为主线开展研究。具体突出过程分布的非正态性、损失的非对称性，开展过程能力指数研究，融合广义推断和随机估计等方法，构造过程能力指数的精确区间估计；从分布角度提取分布密度、似然函数等过程状态特征，综合运用广义p值检验和VDR检验等，进行非正态控制图设计分析；综合考虑过程分布的非正态性与容差、损失的非对称性，基于广义线性模型开展稳健参数与容差并行优化设计。.本项目预期研究成果将在丰富和发展现有统计过程控制理论的同时，有效指导生产、服务等复杂过程的质量管理工作。
BIM技术跨组织协同创新机制研究,BIM技术在建筑业的推广和应用得到快速发展，但是实际应用效果与其潜在的巨大优势相比仍存在较大差距。BIM技术的推广和应用是一种涉及设计、施工、业主等多参与方的跨组织协同创新系统，研究BIM技术跨组织协同创新的内在机制和运行规律，对于提高BIM技术应用效果具有重要意义。本研究借鉴协同创新相关理论，构建BIM技术跨组织协同创新影响机制理论模型，揭示影响因素的相互作用关系；采用网络科学方法，构建包含技术采纳、吸收与扩散多个技术创新阶段的BIM跨组织协同创新动态网络，建立揭示BIM协同创新系统运行规律的动态网络分析方法；构建分析组织间互动作用关系的网络级联效应模型，建立BIM协同创新动态网络模拟方法，对BIM协同创新网络的鲁棒性和有效性进行评价，提出提高BIM技术协同创新能力和应用效果的措施与建议。本研究是对技术创新和工程管理理论体系的有益补充，为提高BIM技术创新效率和应用效果提供理论支持。
期权隐含股票非对称特征：理论与实证研究,已有文献中发现股票市场具有两类非对称特征，即收益率分布的非对称性与相关性的非对称性。本课题将从期权价格中提取这两类非对称指标，并以此构建相应的投资与风险管理策略。一、期权隐含非对称尾部风险，即股票价格下跌风险。股票收益率具有非对称的特点，而左尾风险即股票价格下跌风险是所有股票市场投资者最为担心的。而作为可以有效对冲股价下跌风险的看跌期权，其价格中蕴含着投资人对于未来股市走势的预期。因此，本课题拟通过看跌期权价格提取出股票下跌风险指标。二、期权隐含非对称股票相关性风险。股票市场下行时，股票间的相关性明显高于股票市场上行时。本课题拟通过看涨期权和看跌期权构造非对称的股票相关性风险指标。三、根据获得的期权隐含非对称风险指标，本课题拟构建相应的股票市场投资策略，包括横截面的“选股”策略和时间序列的“择时”策略。同时，根据期权隐含非对称风险指标构建相应的风险预测与避险策略。
服务产品创新的顾客评价与影响效应研究,服务产品创新是企业取得持久竞争力的源泉，了解顾客如何评价新服务，有助于提升创新成功率。现有研究较多关注如何开发新服务产品，以及推出新服务后企业绩效受到的影响，缺乏针对消费者个体的研究。在此基础上，本课题首先从服务产品类型、创新方式、顾客消费特征和个体特征四个方面，系统地分析了影响消费者评价服务产品创新的因素，之后使用社会网络分析完成对消费者评价变化的历时研究。由于企业生存在竞争环境中，本课题进一步探讨主导品牌和竞争品牌的服务产品创新如何作用于消费者的品牌态度。最后，在服务产品创新成功和失败两种情境下，本课题深入剖析消费者对提供新服务的品牌的态度、情感和承诺会如何发生变化。本研究高度关注企业和消费者所处的真实情境，在理论上探析了消费者评价服务产品创新的内在机制，拓展了企业服务产品创新的影响效应，在实践上，有助于企业成功开发新服务产品，准确进行市场细分和产品定位，充分做好品牌建设工作。
易逝品再制造系统的库存和生产优化研究,由于生产的全球化和科技的快速发展，竞争日益加剧，大量科技产品更新换代越来越快，产品价格迅速降低但其功能往往并未显著变化，很多企业因而开始同时提供再制造品，以期尽可能满足不同层次的消费者需求以及提高竞争力。如当前智能手机等消费类电子产品，其短生命周期和多层次的需求使得不少企业已经开始提供诸如翻新产品之类的再制造品。然而对这种同时具有易逝品和再制造特征的库存系统，目前还缺乏有效的库存和生产管理方法。本项目将探讨这一类库存系统中的若干关键问题，包括同时具有易逝品和再制造特征下最优或近似最优库存策略的形式、新产品与再制造品的相互替代关系及其对库存管理的影响、产能约束对库存管理的影响、再制造模式对企业利润的影响等问题。期望从理论上揭示上述库存系统的若干基本特征和性质，刻画出最优或近似最优库存管理策略以及易于实施的库存管理策略，进而利用这些成果协助企业改进库存和生产管理。
基于大数据的互联网媒体对证券市场影响研究,证券市场波动与信息的发布、传播和吸收密切相关。随着互联网兴起，海量信息和极速传播加剧了媒体对证券市场的影响。然而，由于数据获取和智能分析的局限性，互联网媒体对证券市场影响的研究深度和广度严重不足。媒体影响中的联动效应、叠加效应、谣言现象等关键问题至今还未得到系统地梳理。本课题，从“大数据”分析入手，首先，研究特定的大数据挖掘技术，从海量互联网信息中捕捉投资者情绪、辨识谣言、挖掘企业媒体关系脉络、建立面向非结构化文本数据的关联影响分析模型。实现对互联网媒体信息内容和影响力传播方式的智能分析，提供一套完整分析互联网媒体对证券市场影响的技术方案和大数据分析平台。然后，从投资者认知行为、上市公司治理、金融市场监管三个不同的角度，量化分析互联网媒体对证券市场的影响机理、传导机制、以及冲击效果，从而为维护投资者的权益，规范上市公司行为，优化证券市场稳定机制提供重要的理论参考和实践指导。
基于消费者网络评论的产品质量信息披露策略和定价研究,消费者网络评论是极具影响力的产品质量信息源，改变了企业信息披露和定价对于消费者购买决策的作用规律，引起了市场需求和信息结构的变化。因此，基于消费者网络评论的产品质量信息披露和定价决策优化是企业亟待解决的问题。本项目考虑新推出的体验产品，综合运用系统建模、博弈和优化等理论方法，研究消费者网络评论对于企业产品质量信息披露和定价最优决策的影响。从两个维度展开研究：一方面，在考虑和不考虑消费者网络评论两种情况下，分别研究企业最优信息披露方式和披露精度以及最优价格，通过比较其区别来剖析消费者网络评论对企业决策和收益的影响机理；另一方面，区分企业产品质量私有信息的直接和间接两种披露方式，探讨不同披露方式及相应动态价格对消费者网络评论的作用，从而揭示企业通过信息披露和价格策略影响市场需求和信息结构的机理。本项目从消费者网络评论的视角丰富信息披露和定价理论研究，为互联网时代企业决策实践提供管理启示。
数据驱动的多元混杂数据过程控制与应用研究,考虑到国内外先进制造系统中质量控制遇到的新问题，面对过程数据所具有的来源多样化、数据量激增、类型混杂的特点，本项目提出了数据驱动的多元混杂数据过程控制与应用研究。鉴于国内外的研究现状和发展趋势，明确了数据驱动的多元控制图失控异常模式识别、数据驱动的多元混杂数据过程控制、数据驱动的过程控制应用研究这三项研究内容。分别沿着从一元到多元、低维到高维、理论到应用的思路，从多元混杂数据的统计特性、到过程控制方法、再到控制方法的失控异常模式识别的逻辑，以及数据采集与匹配、过程控制的实施、控制结果及解释的自然逻辑，展开理论研究。依托海克斯康测量技术（青岛）有限公司的模拟数字化车间，开展数据驱动过程控制的应用研究。
协同考虑领域工程与应用工程的软件产品线管理与优化研究,本项研究从软件产品线（SPL）领域工程与应用工程相互影响的视角，将其视为一项复杂的系统工程，围绕SPL系统性管理与集成优化开展研究。分析了SPL的低增量成本特性，提出面向领域工程的产品线成本分析模型；探讨了不同任务领域知识和技能水准下的个体开发任务匹配问题，提出了面向应用工程的软件产品线开发任务匹配模型；针对领域部门的不同盈利性质设计“委托-代理模型”，揭示努力程度对部门利润及组织整体盈利的作用机理及效应。在此基础上，提出完全信息下考虑低增量成本特性的产品组合开发策略和信息不对称下考虑规避隐藏行动的道德风险的转让价格协调机制；针对模型特点及优化原理，设计相应的求解算法，并分析算法和模型的适用性。预期成果既是对SPL实施集成优化管理的理论探索，又是从实践层面促进协同考虑领域工程与应用工程的SPL运作管理的有益探索，为改善SPL开发管理，提升SPL实施效益，提供一定参考。
复杂不确定环境下基于FMEA的产品质量与可靠性管理方法研究,产品质量是现代制造和服务业赢得市场竞争的关键因素。本项目针对故障模式及影响分析(FMEA)技术在可靠性管理实践中所面临的彼此相关的四个重要问题加以研究。首先，考虑风险因子的多维性，利用文献分析和问卷调查的方法构建因子层次框架模型，并集成DEMATEL和ISM方法分析其关联性。其次，考虑风险因子权重信息的不完全性，建立基于TOPSIS方法的多目标规划模型，提出基于信息熵的因子权重计算方法。第三，由于故障模式评价的不确定性和多样性，提出基于犹豫语言集和混合加权平均算子的风险评价信息获取策略。第四，考虑故障模式相互影响关系，提出基于图-矩阵的影响关系分析算法和基于ELECTRE的故障模式风险排序模型。最后，在上述研究的基础上建立综合FMEA模型和可靠性管理原型系统，从而帮助工程设计人员有效运用FMEA技术识别系统中关键故障模式，提前采取预防改进措施，提高复杂产品和服务的质量与可靠性。
顾客需求动态演化的服务模式与资源组织方法研究,动态演化服务是一个国家或地区经济水平和服务业发展到一定阶段后开始广泛出现的一种新型服务需求，其主要特征是顾客的参与程度高、需求的数量和服务范围动态变化且强调针对顾客的个性化持续服务。本项目将从交易成本、信任等对动态演化服务需求与服务关系持续时间的影响分析入手，研究这一类服务需求的动态演化规律，进而研究以运作效率为主要目标的服务需求分类方法；在此基础上，针对各类需求的特点研究其服务模式，研究并提出典型服务模式的资源组织方法。项目还将研究结果在养老服务中进行应用尝试。本项目的研究对于揭示现代服务中动态演化服务需求的特性及其影响具有重要的理论意义与学术价值，也为服务型企业的持续性动态演化服务的市场分类、运营与收益管理提供重要的理论基础和决策支持。
杠杆视角下投资者情绪反馈与股票市场波动性研究,2014年以来，中国资本市场出现了由杠杆资金驱动的暴涨暴跌异象，资产价格波动剧烈。破解“资产价格波动性之谜”对于维护金融市场稳定意义重大。情绪与反馈是投资者非理性特征的集中体现，而杠杆会导致投资者情绪不稳定，引起价格剧烈波动。本项目从情绪与反馈的内在联系出发，对资产价格的波动规律展开研究，构造情绪反馈模型，并从有限期拓展到无限期，从事件驱动的波动拓展到更一般的日常波动，考虑不同杠杆水平对情绪反馈系数的影响，探索情绪反馈系统中各因素与资产价格波动之间的市场作用机制，找出引致异常波动的影响因素。基于理论模型，从市场信息的多维性，再到情绪指数的多维性，构建理性与非理性情绪指数，并从总量到截面，从一阶水平到二阶水平进行广泛的稳健性检验。在此基础上，立足中国市场，通过非线性波动率模型等参数方法和核回归、人工神经网络等非参数方法进行实证分析。为投资者情绪管理、杠杆监管和维护市场稳定提供理论与实证依据。
基于在线评论网络的多元交互行为及协同演化机理研究,在线评论显著影响消费决策和销售绩效，但大数据环境下在线评论、用户群体、关系结构等元素间的多元交互的复杂机理及管理方法有待深度挖掘。为此，本项目拟收集大量评论数据，用文本挖掘、复杂网络、实证分析、智能体、计算实验等方法研究在线评论网络中多元交互行为及协同演化机理。主要研究内容有：①设计基于邻接矩阵的图模型，用于呈现用户关系、用户与评论关系、内外评论关系等网络结构；②综合评论内容和关系结构，构建基于用户之间、用户与评论、内外评论交互模型，实证分析交互行为机理；③基于智能体、模糊语义、复杂网络等方法，构建集成仿真模型，模拟关系形成与评论产生、内外评论协同演化过程，并用计算实验探索关系和评论涌现、内外评论协同、管理协调等机理，提炼规范用户评论行为的管理规律。本项目的研究不仅可以丰富大数据和电子商务下用户产生内容的理论和方法，也可为互联网企业设计在线评论系统和管理用户评论行为提供方法指导和技术支持。
工作压力影响员工绩效的双重机制研究：基于压力分类的视角,工作压力是降低绩效还是提升绩效？抑或兼而有之？一直存有争议。本研究将基于挑战性-阻断性压力分类的新视角，采用纵向追踪研究设计来探讨工作压力与绩效之间的复杂关系，重点研究挑战性压力的积极作用和阻断性压力的消极作用及其作用机制，以及两类压力的组合效应和边界条件。一方面，从动机激发机制来探讨工作投入在工作压力与绩效关系中的促进作用，另一方面，从能量消耗机制来探讨身心紧张在工作压力与绩效关系中的抑制作用，同时考虑两类压力组合效应及其差异，并探讨支持发展氛围对上述机制的调节效应。这样，本研究就从工作压力分类、双重作用机制、组合效应和边界条件来深入、系统地探讨工作压力是如何影响员工绩效的，为解释以往研究分歧与争论提供科学的证据，并建立工作压力与绩效之间复杂关系的理论模型，因而具有理论上的价值。同时，为个体、组织进行压力的差异化管理提供科学的实践指导，以发挥压力的积极作用，维护员工健康与绩效的平衡。
建模码头交通系统的运行柔性,作为运输网络的重要节点，港口在今天的全球供应链和多式联运系统中扮演着不可替代的作用。它的效率和性能稳定性是低成本物流的必然要求。因此，本项目瞄准港口交通系统运行柔性展开研究。为此，将用动态交通分配和其他运筹与管理的理论、方法和模型描述码头装卸集装箱交通的组织、管理和运行。研究内容主要包括：码头交通系统建模；码头交通系统运行柔性的度量；识别改善码头交通系统柔性的措施；优化码头交通系统受损后恢复正常生产的路径。本项目的目标在于研发一套用于评价和提高集装箱码头交通系统柔性的模型和方法，该模型能够回答下面的问题：一个关系到码头交通系统的破坏性事件出现后，码头可能出现的最糟糕情况是什么？如何最优利用有限的资源改善码头交通系统的柔性？一个破坏性事件出现后码头需要多久或怎么更有效率地恢复到正常生产状态？本项目对我国正在致力于的国际航运中心建设、海洋战略以及21世纪海上丝绸之路建设具有很强的现实意义。
多单元制造系统维修和生产的分布式联合优化,多单元制造系统普遍存在于实际生产中，如何提高其生产效率和降低维修成本已引起工业界和学术界的广泛重视。但是，多单元制造系统有系统状态空间和维修行为空间过大的特点。这使得目前很多在单单元制造系统中广泛使用的维修优化方法无法用于处理多单元制造系统。本项目拟提出一种采用多主体（Agent）结构的多单元制造系统维修和生产分布式联合优化方法，以解决多单元制造系统状态空间和行为空间过大的问题。首先，本项目将研究考虑子系统间机会维修的串并联制造系统分布式维修优化方法。然后，进一步研究考虑生产控制和缓冲库存的串并联制造系统的维修优化。在此基础上，采用强化学习方法解决系统参数未知情况下的生产和维修优化问题。最后，研究在多品种并联生产系统中维修和生产的联合调度。本研究的成果将给维修理论在多单元制造系统中进一步使用提供有用参考。
基于可视化实验和仿真方法的个体投资选择偏好与市场均衡研究,偏好是个体投资行为的源头，而市场均衡则是其投资行为的宏观表现，然而行为金融学的研究已对传统金融理论的基础提出了重大的挑战。近些年来随着显示偏好理论的成熟，通过实验的方法直接观测和推断个体偏好特征与市场均衡已经成为国际前沿的一个研究热点，关于此问题的研究对金融理论的完善和发展具有重要的理论和现实意义。本研究将基于显示偏好理论，设计图形可视化的实验工具，在偏好和市场均衡之间建立起一座直接可观测的桥梁，通过个体投资选择行为实验来考察其偏好特征及其影响因素；同时通过眼动追踪和脑电图实验考察个体投资过程中的参考依赖行为特征，并在此基础上设计群体模拟交易实验，观测市场均衡的内生形成过程；在实验数据的基础上进行有限理性个体投资决策行为建模；并通过计算仿真对模型进行检验与理论拓展，揭示市场均衡形成的一般规律。本研究可以更好地理解中国金融市场的均衡特征，为市场交易机制的完善与政策的制定提供一定的参考和建议。
企业多类型应用云迁移效益优化模型与资源分配算法研究,云计算通过规模经济效应、采用即用即付的弹性廉价资源供给方式降低IT组织的运营和维护成本，允许企业将部分工作负载或应用程序迁移到云中，或者直接在云中定制服务器基础设施以部署企业自身的服务。若要充分发挥云计算为企业应用带来的优势，迫切需要一种安全有效且成本-效益好的企业应用云迁移机制。为此，设计合理有效的企业应用云迁移解决方案，需要综合考虑目标云平台的自身特性，了解数据或服务迁移的需求，分析迁移存在的成本与实现的效用。本项目分析企业多类型应用云迁移问题，研究异构云架构下企业应用的部分迁移策略，建立多类型应用云迁移的效益优化模型，给出最优的应用迁移集合和资源分配方案，提出迁移过程中的分布式资源分配算法，以实现企业应用的最优云迁移目标。项目提出的迁移方案与资源分配算法能最小化企业应用云迁移部署成本，保障迁移后企业应用的服务质量，提升企业和用户的效用，为云计算向云网络快速平稳过渡提供切实可行的方案。
碳规制下企业减排策略与生产定价决策研究,本项目以当前国内外实施的碳税以及碳交易两种常见的碳规制为研究背景，首先从企业的角度考虑在不同碳规制政策下实施再制造减排策略、再制造和以旧换新并行减排策略以及投资减排策略时对最优生产与定价决策的影响；其次，考虑了存在竞争的企业间的生产与定价策略，与垄断市场进行对比，为了揭示碳规制下外部条件的变化对生产与定价决策的影响规律从而得到有意义的管理启示；第三，将重点探究政策以及市场参数的变化对企业经济效益以及社会环境效益的影响，旨在寻找到能够同时促进经济效益以及环境效益提升的条件以及相应的最佳生产与定价策略，有助于企业根据市场环境和政策环境变化进行决策调整，不仅能够帮助企业在碳规制下实现经济效益的提升，而且能够为政策制定者在不同的市场条件下制定合理有效的相关政策提供决策建议，以此促进环境效益的提升，从而更好的推进碳规制的实施，最终实现社会经济可持续发展的战略目标。
基于有限理性的不确定均衡策略理论及应用研究：以湘江流域生态治理为例,我国流域污染严重影响了社会与经济的发展，湖南省政府已把湘江保护与治理定为省政府的“一号重点工程”。湘江流域生态环境治理涉及到政府、企业和百姓三方面的利益，是一个典型的非合作博弈问题。由于治理过程中的不确定性、信息模糊性及决策者认知能力局限性，使得经典非合作博弈理论的应用受到限制。为此，本项目拟从博弈局中人“有限理性”前提出发，针对博弈中表现出的随机和模糊两类不确定，以构建基于有限理性的非合作不确定博弈模型为主线，把博弈过程中局中人个体行为及心理特征对博弈行为的影响、不确定信息对博弈模型重构的影响纳入到统一的框架加以分析，综合运用行为决策理论、不确定理论、优化理论等对不确定均衡存在性和求解方法进行研究，深入探讨有限理性行为对不确定均衡的影响机理，并将理论研究成果应用于湘江流域生态环境治理。因此，本项目研究成果将进一步丰富和发展博弈论理论体系，拓展其应用范围，具有重要的理论意义和现实应用价值。
时间不一致性偏好下保险公司最优分红、融资和再保险策略,近年来，分红及相关策略优化问题一直是保险精算的热点话题。相关研究通常假设保险公司管理者对未来现金流具有时间一致性偏好，可用带常数贴现率的指数贴现函数计算现值。然而，有证据表明这种假设并不现实，人们对未来现金流的偏好会随时间变化而变化。行为金融学研究表明贴现率会随着时间递减，即人们对短期利益更加急切而对长期利益相对更有耐心。因此，以往在时间一致性偏好下的研究带有明显的局限性。本项目采用3种非指数贴现函数描述管理者对未来现金流的时间不一致性偏好，用扩散模型模拟保险公司的资产过程，在最大化公司价值的目标下寻找保险公司分红、融资和再保险联合最优策略。我们将在多种再保险方式和保费准则下展开讨论，并分析交易费用、破产终端值等因素的影响。问题的解决有赖于概率统计、随机控制、博弈论等相关工具的灵活运用与创新。预期结果将为保险公司科学决策提供理论依据，促进相关学科与保险的交叉融合，丰富保险精算理论。
考虑行为因素的多元耦合商品资产定价模型研究,后危机时代，全球经济不确定性加剧，大宗商品价格跌宕起伏，非理性因素凸显。对此，本项目旨在建立包括实体经济因素、金融市场因素和行为因素在内的多元耦合商品资产定价模型。拟创新点是：1）提出商品市场上行为因素的加速器效应，提炼行为因素指标，揭示行为因素对商品资产的定价能力；2）揭示行为因素对实体经济因素和金融市场因素的反馈效应，提炼主导因素下的商品资产定价因子的基本耦合形式，提出市场环境变迁与外部冲击下多元定价因子微观动态耦合机制；3）基于投资者有限理性的视角，构建含实体经济、金融市场和行为因素多元耦合的商品资产定价模型，实现外部冲击下定价模型的适应性调整。力图让定价模型充分考虑信息-预期-行为-价格的微观机制，具有解释平稳状态时商品价格运动规律和特殊状态时商品价格异象的能力。基于理论成果，对全球主要商品资产进行全方位实证研究；为市场机制完善、市场监管、投资与风险管理策略提供政策支持。
面向多层次级联优化的多项目调度问题研究,多项目计划往往通过逐层分解形成多种处于不同项目管理层次的调度计划。但实践中各层调度计划之间经常会发生不兼容和冲突等情况，严重影响了多项目战略目标的实现。因此，实现各层多项目调度计划的联合优化是目前项目调度理论中的一个亟需解决的关键问题。本课题拟结合现代多项目管理理论和最新优化调度方法，对多项目调度的分层级联优化问题进行研究。首先对处于不同监管层次的典型项目调度问题进行分析定位，突出战术层的重要地位，对处于战术层的项目粗能力计划问题进行改进。在此基础上，以目标层解法为框架，提出分层多项目级联调度问题，构建以多项目战略目标为输入的战术层和执行层联合调度问题的优化模型。针对问题模型的特点，将最新项目调度算法嵌入到目标层解法的主算法中，通过充分的算法分析和计算实验，提出求解该问题的高效算法。该研究将探索一条能够对不同层次的多种项目调度问题进行级联优化的有效途径，具有重要的理论意义和应用前景。
PPP项目中的政府保证设计研究,为了解决PPP项目实践中对政府保证认识模糊、盲目承诺的突出问题，本课题拟揭示各类政府保证对社会资本激励作用的差异，并研究政府保证的Pareto最优设计。（1）识别并对比各类政府保证的应用范围、适用条件、可能导致的风险等特征，研究政府保证之间的层次关系；（2）基于激励与保健二元视角，构建政府保证、政府履约意愿、社会资本努力水平与项目绩效关系的研究模型，设计测量量表并检验路径关系；（3）针对单一政府保证和多种政府保证组合两种情况，以社会资本努力水平和社会资本的期望收益大于保留效用作为约束条件，以项目收益最大化和社会福利最大化为目标设计政府保证的双目标规划模型，求得Pareto最优解；（4）通过对典型PPP项目案例的研究，比较政府保证的应用差异并提出实务操作建议。.本课题是对PPP项目契约和激励理论的深化和完善，研究成果可以为公平、科学设计PPP项目契约中的政府保证条款提供依据。
多属性逆向拍卖和多源异构决策融合的绿色采购机制设计,"本项目旨在以可持续发展条件下多物品多属性多源绿色采购决策问题为背景, 在综合考虑经济、环境和社会标准下的影响因素和供应链风险因素的前提下构建新的绿色供应商评价指标体系, 研究多物品多属性逆向拍卖机制设计方法和不确定信息下多源异构多属性决策方法, 基于此提出新的绿色采购的两阶段融合机制, 并将融合机制应用到可持续发展条件下一类特性物品(如天然气、石油等)的绿色采购决策中, 以完善和发展不确定信息下多属性决策理论、多物品拍卖的机制设计和双边策略的优化, 推动拍卖理论、多属性决策理论与绿色供应链管理、电子商务等一类实际经济活动的结合, 并为相关企业实施可持续发展的绿色采购管理提供理论依据和决策参考。"
顾客有限关注下的产品设计与网络营销问题研究,在互联网+时代，大量企业将其传统的运营、营销、投资策略与互联网紧密融合，为终端消费者和企业决策者提供了海量的商品和交易信息。但是急剧增长的信息，同时造成顾客和企业决策者在时间，数量，属性等维度上对信息的关注深度和处理能力有限。心理学和经济学实证证明这种有限关注对顾客购买行为会产生显著的影响。然而，管理科学领域目前对顾客有限关注如何影响决策者运营和市场决策的研究却很少。本课题首先通过实证和文献研究顾客有限关注的表现形式及其对企业运营和市场决策的影响方式；从时间、数量和属性等维度对微观决策中的顾客有限关注作量化描述；进而研究顾客有限关注下的产品线设计策略，投资优化策略及社交网络平台上的营销策略。本课题将心理学和经济学领域的有限关注理论应用和推广到运营管理领域中，是扩展现有相关理论的跨学科创新性研究，并在互联网+的经济发展战略下有广泛的应用前景。
多元复杂时空数据建模与监控方法研究,依赖日臻成熟和广泛应用的传感器技术、RFID技术、网络通信以及数据库等技术，可以收集到大量同时具有时间和空间维度的数据，即时空数据，如各地区某种疾病每月的发病数量，各环境监测站点收集到的空气污染物颗粒数量，每分钟城市各路口的交通流量记录，每秒无线通信基站的数据流量以及风电或太阳能电厂的设备功率输出等数据。本研究主要针对时间空间皆离散的数值型数据。此类时空数据在时间维度上具有极强的动态变化性，在空间位置上具有动态的相关性，包含了系统运行质量的重要和关键信息。时空数据的建模、预测与监控在无线通信、智能交通、传染病防制、风能、太阳能等新能源管理等领域存在着巨大需求。目前时空数据的实时建模、预测和监控方法还非常欠缺。因此，本项目目标针对多元复杂时空数据，运用统计学习、数据挖掘以及统计过程控制等理论，研究其建模、分析、控制和管理方法，建立时空数据智能建模、预测、监控的新理论、新方法和新技术。
自助服务技术（SSTs）情境下顾客报怨和沉默行为研究,自助服务技术(SSTs)情境下没有服务人员的介入，企业失去主动发现失败原因和及时补救的机会，只能更多地依赖顾客向企业抱怨，因此，理解顾客抱怨和沉默行为的真正原因对于SSTs服务商显得尤为重要。项目研究内容包括：探讨自助服务技术和人员服务情境下顾客抱怨和沉默行为差异；比较顾客抱怨影响因素模型在两种情境下的不同；构建自助服务技术情境下顾客抱怨和沉默的认知情绪模型；寻找顾客不同抱怨类型所采取相应的抱怨渠道的原因。项目采用关键事件技术和内容分析方法确定SSTs情境下顾客抱怨和沉默原因和渠道选择，然后利用调查法和实验法进行定量研究。在资源匹配理论、认知评估理论、媒介丰富理论等相关理论基础上，剖析SSTs情境下顾客抱怨和沉默行为的认知和行为过程。拓展传统服务下顾客抱怨和沉默研究思路，为进一步研究自助服务技术情境下抱怨管理奠定理论基础，也为SSTs服务商倾听顾客抱怨发声、设计有效的抱怨渠道提供指导和借鉴
考虑匮乏成本的灾害应急物流供应链目标函数与协调机制研究,灾害应急物流管理是当前运作管理研究的前沿领域和研究热点之一。作为一个新兴的研究领域，灾害应急物流的目标函数构建是当前最亟需解决的关键问题。本课题从供应链管理的研究角度入手，以灾害应急物流系统的结构和动态特征为基础，构建灾害应急物流的目标函数，开展灾害应急物流供应链的协调机制与优化策略研究。本课题将以匮乏成本概念为核心，研究匮乏成本的测量及其函数的估计方法，构建适用于灾害应急物流的目标函数，并以此为基础研究灾害应急物流供应链的协调与优化问题。课题的主要研究内容包括：匮乏成本测量与匮乏成本函数估计方法研究，基于匮乏成本的目标函数构建，和灾害应急物流供应链协调机制与优化策略研究。课题旨在突破传统商业物流管理与灾害应急物流管理之间的壁垒，建立和完善适用于灾害应急物流的目标函数，设计灾害应急物流供应链的协调机制与优化策略，为灾害应急管理发展提供理论参考，并为灾害应急物流实践提供决策工具。
混合交通环境下无人驾驶车最优换道策略和路径规划问题研究,本课题研究如何利用无人驾驶车对车道级的运动控制来进行最优路径规划，在混合交通情景下如何实现无人驾驶车间、以及无人与有人驾驶车间的合作以降低拥堵提升系统效率。在方法创新上，本课题 1）通过系统解析车道交通状态与规划路线相互作用机制，把最优控制理论应用到无人驾驶车最优车道选择和换道行为数学建模中；2）首次将连续最优控制问题内嵌到动态规划框架下构建宏观和微观决策一体化的路径规划模型，利用随机占优理论对无人驾驶车最优路径根据可靠性排序；3）针对无人驾驶车的不同市场占有率，利用混合均衡理论构建用户均衡及系统最优模型，提出合作机制以实现从用户均衡到系统最优的转化。在实证上，拟利用双检验机制验证模型和算法：1）依托开源数据NGSIM和深圳观测数据，开发VISSIM仿真平台；2）依托美国Mcity无人驾驶车测试基地设计实验，完成实例论证。课题成果将创新无人驾驶车路径规划理论，并为其市场化发展提供理论依据。
基于分布式鲁棒优化的门诊预约调度,医疗资源优化配置是解决我国当前医疗供需矛盾的可行手段，而门诊资源优化调度是否高效会对后续服务及整个医院的运营效率产生直接影响。本项目拟以医疗数据为基础，针对门诊预约调度中存在的服务时间、患者需求和行为特征等不确定信息，以最小化患者等待时间和医生空闲及加班时间为目标，利用随机变量的矩信息或矩区间信息，基于分布式鲁棒优化的思想，综合运用最优化方法、图论、排队论、马尔科夫决策过程等，设计算法求解不确定信息下的最优门诊预约调度规则。具体包括：基于服务时间不确定的门诊预约调度模型，考虑患者行为及其不确定性的门诊预约机制，并基于最小化最大后悔值思想对模型进行改进；决策者存在行为偏好时基于CVaR测度的门诊预约调度模型；考虑患者需求不确定的门诊预约调度优化以及序贯调度下基于鲁棒优化思想的预约调度在线优化。研究成果可为门诊预约调度提供决策支持，提高患者满意度，实现医疗服务运营效率和资源利用率的最大化。
房地产征用补偿极端争议的组合性均衡评价及其实验研究,本课题研究从均衡价值评价和行为实验博弈入手，以解决房地产征用补偿极端争议问题为目标，构建反映互动公平、损失规避和其他行为偏好的项目均衡价值模型，通过多种实验手段综合运用，充分显现征用补偿极端争议关键点，构建有效化解房地产征用补偿极端争议的组合性均衡评价方法。.本课题研究内容包括：第一，房地产征用补偿极端争议的网络调查与深度访谈；第二，房地产征用补偿极端争议的归类分析与理论分析；第三，征用补偿极端争议的组合性均衡评价模型构建；第四，征用补偿极端争议的组合性均衡评价实验研究；第五，极端争议组合性均衡评价的操作步骤与基本内容。.按照均衡价值评价、主体偏好显现与极端争议化解的逻辑思路，通过开展补偿价值认知的偏好验证实验与项目可行性判别的方案选择实验，这种组合性均衡评价方法可以度量多种参考依赖水平的项目均衡价值，判别公平补偿价值区间及其信念认同条件，确定房地产征用补偿极端争议的均衡策略组合化解方案。
社会化电子商务下消费者的后购物阶段行为决策：基于品牌依恋和信息处理的理论视角,社会化媒体正日益对企业的经营活动产生深远的影响，如何有效开展社会化电子商务是很多企业必需要思考的问题，这方向也成为目前管理信息系统和市场营销交叉领域的新兴热点研究方向。本项目在申请人的前期研究基础上，拟进一步探讨消费者在此背景下的后购物阶段行为决策问题。研究拟从品牌依恋和信息处理的理论角度出发进行创新性的探索，详细阐述消费者与企业之间的相互作用，从而促使消费者参与行为和品牌忠诚行为的形成。本研究将有助于企业认识社会化电子商务中消费者的行为决策过程，从而更有效地影响消费者，发挥社会化媒体对企业的积极作用，帮助企业适应社会化电子商务、社会化媒体的浪潮，提升它们对企业的价值。
心理账户视角下的出行行为分析与拥挤收费策略研究,道路拥挤收费是交通需求管理的重要措施之一，出行者对出行成本特别是拥挤收费成本的心理感知以及有限理性的决策行为模式将直接影响其出行选择，从而影响拥挤收费措施的实施效果。本项目基于行为科学中的心理账户理论视角，从全面分析和挖掘个体在出行活动中的心理账户分类入手，探讨出行者对各种出行成本的心理预算度量机制。在深入了解心理账户对各出行属性效用度量影响的基础上，验证属性依赖的决策规则异质性，构建新的多属性决策模型，完善出行行为决策分析框架。进一步，在静态拥挤收费的动态演化实施策略和动态拥挤收费方案的设计中，分析方案动态调整对出行者心理认知的影响，在考虑参考点依赖、心理账户重新评估等心理因素的前提下，给出合理有效的拥挤收费方案和实施路径。本项目的研究对更深刻地认识个体出行行为及其对出行成本的主观感知，更合理地制定拥挤收费方案和实施策略提供理论指导，对提升城市交通管理水平具有十分重要的科学意义。
国际金融市场极端尾部相依度量的方法以及应用研究,随着金融危机的频繁发生以及对极端风险度量的需求，极端尾部相依度量成为了非常重要的研究课题。已有研究大多对尾部相依进行静态分析，且缺乏对极端相依的度量，这在理论和实际应用中都存在一定局限。本项目拟在已有研究的基础上，对极端尾部相依度量方法进行改进，并对几个领域进行应用研究。基于cDCC模型的思想，对时变Copula以及GAS模型的自回归截距进行变结构建模，并进行变点检测。分位数相协回归模型(QOR)结合分位数回归和Copula度量了尾部相依，我们将基于非参数方法对QOR进行时变建模。基于极值理论和尾部指数回归对共同超过数进行建模，给出新的极端尾部相依度量。在应用领域，基于上述方法从极端尾部相依的视角对金融传染、金融脆弱性、波动率聚集等领域进行实证研究，给出相应的实证结论和政策建议。本项目力图提供极端尾部相依新的度量方法，并在实证研究基础上给出相应的建议，以求达到较高的学术价值及实际应用价值。
公平偏好下风险投资的阶段投资策略、股权分配和企业家努力：理论、模型与实证检验,本项目将风险资本的投入、股权分配和风险企业家(EN)的努力看成多阶段动态系统。在完全理性下，构建多阶段Stackelberg动态规划博弈模型。进一步，已有的实证研究和实验研究表明：风险投资家(VC)和EN具有公平偏好（包括结果公平偏好和互惠动机）心理，基于此，将公平偏好植入多阶段系统中，利用动态规划、博弈论、仿真模拟、数值例子和实证等研究方法重点研究了VC/EN在公平偏好下的决策，以及公平偏好对多阶段风险投资决策（投资策略、股权分配和努力）的影响，并对完全理性决策和公平偏好决策进行比较研究。和现有的研究相比，不同之处在于：第一，同时将投资策略、股权分配和努力纳入多阶段动态系统中；第二，从完全理性和公平偏好（项目改进的F-S理论和互惠动机）两个维度构建风险投资动态系统模型；第三，研究了公平偏好对多阶段决策的影响以及对VC和EN现值的影响；第四，从公平偏好视角提出了提高VC/EN现值的措施。
面向产业集群广义制造系统的知识模块化机理研究,产业集群是推动经济增长的重要方式，知识管理能力是企业核心竞争力的重要组成，基于知识价值提升产业集群核心竞争力是当前知识管理研究的紧要任务。项目组在研究中发现，在业务问题的解决过程中，知识资源表现出小范围高密度聚集协作的现象，本项目称其为知识模块化。知识模块化是知识资源价值特性发挥的重要形式，对企业核心竞争力的影响至关重要，然而关于知识模块化机理的研究尚不深入。由于知识模块化现象在集群环境更为突出，因而本项目提出产业集群广义制造系统的概念，并提出对集群环境中知识模块化现象进行深入研究的设想，引入复杂网络理论、数据统计模型、相关性分析等理论方法，从局域协作的视角，研究知识模块化的作用机制，建立知识模块与业务绩效的相关性模型及知识模块化特性的评测参数体系，探讨基于知识模块的业务组织新模式。本项目拓宽了知识管理及产业集群研究的视野，推动集群环境下的知识管理研究，对知识管理实践也有重要的参考价值。
基于大数据与计算实验的市场流动性危机研究,2015年股灾中发生的流动性踩踏和2016年初熔断机制引发的流动性恐慌，凸显了市场流动性危机研究的重要性：既是金融市场微观结构及系统性风险管理的重要前沿理论问题，又是中国金融市场改革创新中亟需解决的重大现实需求。本项目首先利用大数据分析技术剖析投资者的交易行为；然后在此基础上运用计算实验方法，从投资者的交易行为、杠杆交易和外部信息冲击等视角分析流动性危机的形成机理与传染机制，从而揭示流动性危机的涌现规律；最后基于“情景-应对”型风险管理思想，从缓释流动性风险的角度对市场微观机制进行优化设计并探索流动性危机的应对措施。
数据驱动的我国PM2.5污染规律模型智能构建方法研究,本课题针对我国迫切需要解决的PM2.5污染问题，聚焦于PM2.5大数据分析难题，基于数据驱动的理论与方法，智能构建PM2.5污染规律模型。主要研究内容包括：数据驱动的PM2.5时空规律模型构建方法研究，数据驱动的PM2.5社会经济规律模型构建方法研究，以及中国情境下的PM2.5污染事件预警和治理决策支持方法研究。本课题遵循数据密集型科学研究“第四范式”引导，课题组已经开展了前期探索性工作，并取得阶段性成果。本课题预计在大数据环境下的模型智能构建方法上可以进一步取得创新成果，具有良好的理论意义；同时，相关规律模型可以对我国PM2.5污染治理决策提供科学支持，具有良好的现实意义。
产品智能化时的供应链管理研究,"物联网已经成为一个新的风口，智能产品越来越丰富，改善着企业的绩效与人们的工作与生活。本项目研究物联网下产品智能化时的供应链管理。具体地，我们研究原有产品（核心部件、或者整机）智能化、新增智能产品、互补产品智能化这三种情形。此时的供应链管理将与文献中已有的研究呈现出一些完全不同的特征：(1)供应链的结构从原先的串行变成网状（如三家企业时是三角形结构），企业间的相互影响就变得非常复杂，均衡解是否存在、或者在什么条件下存在？(2)供应链中硬件产品与智能（软件）服务共存，通常硬件产品可以一次性支付，而服务则是持续性的，它们常常需要不同的合约，那么共存时选取什么合约？进而，我们还要在同一个框架下来研究上述两个特征。本项目期望对智能产品/物联网下供应链管理的理论与方法有所贡献,具有重要的理论意义与实际应用价值。"
基于混频技术和组合预测的资产复杂相关性密度预测研究：短期冲击、长期影响与机制转换,在目前全球经济增长乏力的不利背景下，金融市场的一体化趋势将进一步增强，股市、债市、衍生品和大宗商品等市场间必将呈现出更加多样化和复杂化的相互影响与联系。鉴于现有研究的不足，本申请的研究目标在于：从复杂非线性科学的全新视角入手，运用混频建模技术（Mixed frequency data sampling），综合考察影响资产相关性的短期冲击、长期影响和机制转换特征；同时运用动态模型平均（Dynamic model averaging）的组合预测方法，集成各类相关性预测模型的线性与非线性结果，得到优于现有各类单一、单频模型的相关性组合点预测（Correlation point forecasting）技术。进一步，提出全新的基于上述点预测结果的资产复杂相关性密度预测（Correlation density forecasting）方法，并开展相关的统计检验、经济评价与应用研究。
基于制造大数据的产品研发知识集成与服务机制研究,制造大数据能够扩展产品研发数据的来源，为研发人员提供更为准确和全面融合的研发知识，但其重复、碎片化、分散、异构等特征，为企业开展产品研发知识集成与知识服务带来了挑战。本课题针对制造大数据的开放性、动态演化性和复杂关联性特点，从制造大数据的聚合管理入手，开展动态层次化知识集成方法和实时动态知识服务机制研究，以智能网联汽车产品研发开展案例研究。具体研究内容包括：（1）分析异构制造大数据可用性的基础上，研究基于异构制造大数据的全景式数据聚合管理方法。（2）针对产品创新周期不断缩短和研发知识体系不断变化更新等特征，研究面向产品研发需求驱动的异质性知识集成方法。（3）分析研发人员个性化知识服务需求基础上，研究基于制造大数据的个性化实时动态知识服务机制。以上研究为互联网和大数据环境下产品研发知识管理提供新的方式与途径，丰富和深化知识集成理论与方法的研究体系，也有助于提升企业产品创新能力。
移动医疗环境下医患信任构建模型与关系治理研究,当前我国医患关系紧张，医患信任严重缺乏。随着医疗信息化的推进，移动医疗借助其新型的医疗服务模式，实现医患随时随地交互，从而有助于构建和改善医患信任。本课题立足医患信任的实际问题，结合移动医疗环境下医患交互的特点，以医患信任形成、信任演化、信任改进为主线，从患者的角度，分析影响医患信任的关键因素、医患信任的构成维度和医患信任的结果，构建移动医疗环境下医患初始信任到连续信任的时间演化模型和线上信任到线下信任的空间演化模型，研究基于演化过程的信任评价模型。同时从医生的角度，研究以医患信任为导向的医患关系治理结构、治理过程和治理结果，系统分析移动医疗环境下基于信任的医患关系治理机制。课题有助于提升医疗信息化背景中的实际医疗问题切入，拓展医患信任构建与关系治理问题研究理论，加强医患信任的构建和管理，完善医患关系的治理机制，为移动医疗在我国医疗服务模式的创新、应用和发展提供理论和实践支持。
基于消费者满意度的稻米农产品电子商务物流优化方法研究,农产品电子商务供应链物流管理优化问题已成为影响农产品电子商务发展的重要环节。本课题是在互联网+背景下揭示农产品供应链物流配送服务对消费者满意度的影响机理，挖掘出关键影响因素；以消费者满意多目标物流优化度视角为出发点，构建分类模式下农产品电子商务供应链物流优化模型；探索该问题大数据样本下的智能优化求解技术。研究内容包括：大样本、大数据分析下，采用文本挖掘和数据挖掘技术展开农产品供应链物流配送服务对消费者满意度的关键影响因素和影响机理研究，构建消费者满意度模型；基于消费者满意度视角，构建分类模式下的农产品电子商务平台卖家与消费者之间的多目标物流优化模型。并针对大规模情形下，研究该问题的求解方法。.      基于供应链管理理论、消费者满意度理论和智能优化理论等展开实例和实证研究。本研究对完善农产品电子商务供应链管理理论体系，为农产品供应商和物流企业决策，促进农产品电子商务和国民经济
C2M型电子商务驱动的生产-仓储-配送联动决策研究,随着电子商务模式的发展升级，互联网所释放个性化、多样化需求，正在倒逼生产制造企业的全面转型升级。需求端、零售端与制造业的在线紧密连接、协同，催生出一套消费者驱动的C2M（customer to manufactory）型生产运营模式。该模式具有生产系统高度柔性化、仓储系统快速响应零库存化和配送模式高效多元化的特点。而其核心挑战在于生产-仓储-配送全面联动运作。本研究深入分析C2M环境下生产、仓储、配送独立环节的问题特点，构建具有动态合作关系和可变主从结构的生产-仓储-配送协同决策模型。并提出“跨领域自适应型多元群体智能算法机制”，通过自适应算法管理配置，使得协同决策模型中每个子系统可独立匹配不同的智能算法，构建最适宜的算法组合方案。最终将所提出算法机制用于解决实际应用中的“生产计划驱动型”、“仓储空间约束型”和“配送任务带动型”三类典型联动决策问题，为实现C2M背景下多环节在线协同和制造物流联动提供理论依据。
可持续供应链管理激励机制设计与协调优化决策模型研究,以可持续供应链为研究对象，以提升可持续信息透明度、促进企业社会责任投资、降低运输碳排放为研究目标，研究可持续供应链的运作机理和激励机制。具体包括:（1）提出供应链管理可持续性度量模型，帮助供应链管理者有效地管理、监控、评估和改善供应链可持续发展状况；（2）从系统工程的观点综合分析可持续的经济、环境和社会三个维度对供应链中的信息流、资金流及物流的影响，提出可持续信息透明度激励机制、企业社会责任投资成本分担机制和运输模式选择合作机制；（3）提出可持续供应链设计和协调机制模型；（4）基于中国制造业和物流运输业等大型供应链进行实证研究，结合我国供应链管理的特点和困境，提出有中国特色的可持续解决方案。研究目的是建立相应的激励机制模型，提出可持续供应链管理解决方案的理论框架，为实现我国乃至全球供应链管理的可持续发展提供参考方案和决策支持。
基于行为定向的电子商务平台展示广告精准投放技术研究,近年来，互联网展示广告DA在市场的需求作用下，凭借庞大的网络流量为互联网广告行业带来巨大的发展机遇。但由于应用场景的特殊性，无论是学术界还是工业界对展示广告DA的研究和实践都处于初步发展阶段。本课题以电子商务平台中展示广告投放为主要应用场景，围绕着“基于行为定向的电子商务平台展示广告精准投放”问题展开。主要研究内容包括：①广告投产比ROI预测；②基于时空上下文的广告受众行为定向；③跨产品类目/跨展现位置的广告受众行为迁移学习算法；④基于行为定向的展示广告受众挖掘实验平台。针对上述问题，课题为实现电子商务平台中展示广告DA精准投放技术提供了一套有效的基础理论和方法。其研究成果具备一定的应用价值与研究价值，在有效提高企业竞争力，为企业带来巨大的经济效益的同时，有助于用户获取优质信息，实现学术界和产业界的双赢。
数字媒体环境下具有非对称信息的合作广告机制研究,合作广告是营销供应链系统中广告成本的一种分担模式，即上游成员（通常是制造商）分担下游成员（通常是零售商）的一部分区域性广告成本。这种模式在实际中被广泛采用，但目前有关的定量研究主要针对传统媒体广告，并假设信息是所有供应链成员的共同知识。近年来，数字媒体快速发展，广告的传播方式呈现很多新的特点，且供应链成员间存在各种非对称性信息。本项目重点研究以互联网（包括移动互联网）为代表的数字媒体背景下具有非对称信息的合作广告决策模型，首先拟对若干典型的数字媒体广告的传播特点和规律进行研究，定量刻画全国性广告和区域性广告的成本投入对需求的影响关系，进而重点研究这些典型数字媒体背景下各类非对称信息的存在对营销供应链中上下游企业的广告合作与竞争关系的影响，构建和求解相应的博弈模型，设计相应的实施机制。研究成果将为实际系统的决策提供理论上的依据和管理上的启示，对实际管理具有指导作用。
O2O环境下的供应链决策模型研究,随着电子商务的发展，线上线下开始进行深度融合，各种各样的O2O （Online to Offline）商业运营模式层出不穷。本项目的研究目标是以各种O2O商业模式为背景，考虑那些影响消费者和O2O用户的主要行为因素，应用供应链决策模型来分析这些行为因素对平台及相关角色决策的影响，并以此探讨这些商业模式的前景。.具体而言，本项目拟研究以下三方面内容：（1）考虑各类消费者行为因素的O2O决策模型；（2）考虑平台用户策略性行为的O2O决策模型； 以及（3）基于消费者和平台用户交互行为的O2O决策模型。.本项目的理论价值在于较早地将影响众多平台用户和消费者的那些行为因素融入供应链决策，并分析这些行为因素对供应链决策的影响。特别的，当系统涉及众多用户时，用户选择会因此形成某种特别的社会交互，这将为供应链相关研究提供一个比较新的视角。
服务业外商直接投资产业政策测量及其有效性和协同性研究,服务业政策是影响FDI溢出效应的重要因素之一，而关于服务业FDI溢出测度及政策有效性研究尚显不足。本项目从6个层面，以13个研究假设为主线，纵横支撑开展实证研究：一是将FDI理论与服务业生产率理论相结合，探索FDI对优化服务业生产率和服务业结构的机理，提高服务业的潜在经济增长；二是对改革开放以来的涉及服务业FDI相关政策进行量化设计，构建FDI政策有效性的多学科、多层次、多角度的综合评价指标体系，建立测量数据库，运用计量经济学方法建立中国服务业宏观层次、行业层次FDI溢出和服务业FDI竞争力与FDI政策有效性的若干计量评价模型，同时定量分析各部门政策间的协同效应，以期在FDI理论与服务业生产率理论上有所突破；三是通过对改革开放以来涉及服务业FDI政策的横向与纵向比较和竞争力排名，明确我国服务业FDI发展水平国际定位，以及与欧美服务业发达国家的差距，探索有效的服务业FDI政策和协同创新机制。
大数据驱动的我国典型重点流域水污染防控决策研究,重点流域水污染防治以及污染物排放量的大力削减是新时期环保工作的重要任务。在大数据背景下，环境管理与决策模式正在从传统的管理流程为主的线性范式向以数据为中心的扁平化范式转变。针对我国重点流域精准治理管理技术方法不足的现状，开展大数据背景下我国典型重点流域水污染防控管理与决策情景研究。结合现状分析，以松花江流域为研究对象，通过重点流域水环境多源异构大数据收集及数据价值发现研究，建立重点流域污染防控环境大数据集。开展多源异构数据融合技术研究，基于灰色系统模型和计算智能方法，对环境多源异构大数据进行统计推断与预测分析，建立重点流域水污染防控负面清单。开展重点流域水污染防控大数据关联分析和数据驱动模型普适性建模研究，制定全局模式下数据驱动模型，形成污染源综合管理方法、环境精准治理方案。面向流域水生态环境全景式综合管理与决策情景，构建虚拟可视化综合管理平台。为有效提高环境综合管理水平提供科技支撑。
共享经济下旅游供应链协调机制及应用研究,旅游共享经济有诸多特征，如时间碎片化、供给个别化、需求个性化、实现网络化、决策分散化、伙伴陌生化。在旅游共享经济中，旅游服务的供需匹配更加困难，参与者面临的风险更大。因此，本项目将研究如下旅游共享经济问题，①合作机制问题，包括在Merchant模式下合作策略、在Agency模式下合作策略、混合模式下合作策略。②风险机制问题，包括平台赔付策略、平台和保险公司合作策略、基于网络评论的奖惩策略。③销售策略问题，包括透明销售策略、不透明销售策略、混合策略。④取消策略问题，包括服务预订取消策略、服务提供取消策略、可取消服务定价策略。⑤匹配策略问题，包括所需服务多选项策略、所供服务多选项策略、服务组合策略。本项目的研究成果有助于：发现共享经济内涵、丰富旅游供应链理论、深入协调机制研究、提高旅游者满意度、增加提供者收入、促进旅游平台成长、推动旅游经济发展。
信息产品和服务的捆绑策略及实证研究,在互联中销售的信息产品和服务具有传递速度快、物流成本低、边际成本低、不受时空限制等特征，信息产品和服务的这些特征非常适合捆绑营销策略。随着移动计算平台的发展，使用信息产品和服务的用户数量的大增，消费者群体产生网络外部性特征，而这一特征对营销方式和效果产生了巨大的影响甚至是颠覆了传统营销方式。项目首先考虑外部性情况下平台捆绑、时序捆绑和定制捆绑优化决策。在此基础上，考虑产品存在竞争时三种捆绑模式的优化决策问题。最后，提出两种捆绑模式复合起来的捆绑营销方式，如平台捆绑+定制捆绑。项目拟采用优化方法建立优化模型，采用进化博弈论方法对不同捆绑方式的优化决策进行分析，从而构建捆绑销售策略在信息产品和服务营销的理论基础，为企业销售提供理论指导。最后，通过实验、问卷调查和网络爬取等方法获得数据构建计量经济模型，对消费者的行为及市场因素影响捆绑策略进行实证研究，获得影响捆绑策略的影响因素。
面向客户化定制的多部件产品柔性延长质保理论研究,现有的延长质保模型未考虑顾客个性化需求，忽视基本质保期内多部件产品在性能状态、使用环境、故障、维修的差异性，消弱了延长质保的客户黏性。项目以汽车、风力机等多部件产品为对象，利用数据挖掘技术分析基本质保期中顾客、产品性能、使用模式、故障与维修等数据统计规律；以柔性延长质保决策为目标，考虑零部件相关性，开展单部件维修、多部件维修、延长质保与维修策略联合优化，实现维修策略的定制化；采用博弈理论构建延长质保成本与收益分析的动态、合作博弈模型，评估顾客偏好、质保购买时间、使用模式、维修策略、备件等选项与质保成本的相关性，研究柔性延长质保定价机制，实现制造商和顾客双赢；开发柔性延长质保决策与管理原型软件系统。项目研究内容是客户化定制和延长质保理论的集成与创新，完美体现个性化定制服务和精准营销理念，符合制造强国发展战略。研究目标的实现将有效拓展延长质保的方法体系，推动我国机电产品质保服务运作模式的变革。
基于顾客选择行为的可替代产品组合规划及收益管理研究,随着产品种类的急剧增加，线上线下商家都面临着提升自身产品组合与收益管理能力的挑战。在产品组合与收益管理问题中，产品间的替代作用通常占主要影响，这种替代作用受到顾客选择行为的影响。近年来，基于顾客选择行为的可替代产品组合规划及收益管理研究成为国际学术界的前沿与热点问题。考虑到现实中影响可替代产品需求的多种因素，本项目将首先研究顾客选择模型的结构特征及在有无产品种类容量约束下对产品组合的影响，并在此基础上进一步考虑模型参数不确定性下产品组合鲁棒优化与收益、顾客多种搜索类型下产品组合优化与收益、基于产品扩散效应与替代效应的产品组合优化与收益这三个问题。通过这些研究，申请人希望能够完善基于顾客选择行为的可替代产品组合规划及收益管理模型构建理论，提供产品组合优化方法与有效启发式策略及分析，进而指导该类收益管理问题的实践。
面向“碳减排”要求的系统风险评估研究,《京都议定书》签署以来，碳减排对宏观经济的影响逐渐深入，各行业在金融体系内的相关性正发生潜在改变，系统风险也受此影响。同时，在日渐增长的碳交易环境下，系统风险的评估、演进及预测成为了新的挑战。本项目旨在研究面向碳减排的系统风险问题，定量分析碳减排对金融产品相关性的影响，建立基于相关关系的系统风险评估理论和方法。本项目按照系统风险的“机理探索—演进信息捕捉—定量化预测”的研究思路，以相关性和波动率分析为研究手段，市场价格指数和宏观经济指标为分析对象，定量评估日益增长的碳减排需求对系统风险的影响，计算碳交易市场与证券市场关联程度，深入挖掘碳排放与系统高风险事件间的关联关系，建立包含碳排放交易信息的高风险预测模型。本项目将阐明碳减排与系统风险的关系，填补《巴黎协议》签订后风险评估领域亟待解决的研究空白，为绿色经济下的系统风险评估提供借鉴。
数据驱动的军事复杂系统风险决策分析方法及其应用研究,本项目以军事大数据分析与军事复杂系统的管理决策为背景，在实际军事问题的需求牵引下，在已获取的海量军事大数据资源基础上，开展数据驱动的军事复杂系统风险决策分析方法与应用研究。结合数据挖掘、复杂系统建模与评估、风险决策与管理、机器学习等理论方法，研究面向军事大数据关联性分析、复杂系统网络化建模、数据驱动的风险推理与预测、面向风险的组合选择决策等科学问题，沿着“数据分析—网络建模—评估预测—优化决策—军事应用”的思路开展方法与应用研究。在理论上，创新军事大数据挖掘与分析方法、数据驱动的决策分析方法、复杂系统建模与风险分析方法，为军事大数据向军事决策智慧的转化提供科学的技术方法手段；在实践上，建立军事复杂系统大数据分析与评估决策的系统解决思路和方案，为军事装备的使用与发展、装备体系的分析与论证、军事系统的管理决策与风险防控提供技术支持，最终为军事作战能力的提升提供保障。
基于用户体验互补的跨界合作运作与营销策略研究,跨界合作是无关联行业基于用户体验互补形成的新的合作方式。项目拟基于用户体验互补，探究跨界合作的运作和营销策略。项目从消费者、品牌和渠道等维度出发，提炼跨界实践中品牌合作的关键要素和特征指标，归纳影响其效率的典型结构模式。分析产品跨界中合作品牌之间的影响机制，对不同品牌的用户体验互补进行形式刻画。析取渠道跨界中品牌与渠道的交互方式，分析渠道共用、创新与营销渠道创新等模式对合作品牌运营策略的影响机理。过滤品牌与渠道的静态、动态和运作特征，设计相应的选择模型，界定跨界合作的条件及策略。分析传统契约对跨界参与各方的影响，分析其适用性与局限性，并设计新的契约机制。这将在一定程度上克服传统合作理论的局限性，丰富并拓展其向更广泛、无关联的行业间合作演进，较大的推动合作理论的创新与突破。相关研究成果应用于跨界实践，将有助于丰富运作管理与营销理论，对企业实施跨界策略以增强其适应性和竞争力具有较强的指导意义。
两阶段网络DEA效率及其分解方法与应用研究,本项研究拟从两阶段网络DEA模型中DMU单元效率值的全新视角出发，从概率的角度重新考虑DEA测度的结果，首先将两阶段网络DEA模型中两个子阶段的技术效率值看成两条证据，并基于证据推理（the ER rule）进行DMU单元整体效率和子阶段效率的合成与分解。同时，在此基础上，进一步将研究扩展至多种情形，包括：（1）规模效率的合成与分解；（2）带有非期望变量的情形；（3）共享投入与产出和固定的情形；（4）折衷分析（Trade-off analysis）；以及（5）两阶段网络Bootstrap DEA等。 在此基础上，本项研究拟应用理论方法研究成果聚焦于两个领域的案例，包括科研机构（或大学）以及中国的制造业。整体来看，本项研究旨在从全新的视角深入研究两阶段网络DEA模型的效率合成与分解，进一步丰富现有的DEA理论，从而为相关领域决策者资源配置提供有效的方法支撑。
核电站实时风险监测中的多时间尺度特性与精确评价方法研究,核安全是核能与核技术利用事业发展的生命线，并被纳入国家安全体系。知风险决策能够提高核电站安全性并同时改善其经济性，实时风险监测是知风险决策的重要工具，能跟踪核电站各风险因素的变化、评价实时风险。我们研究发现核电站实时风险监测数据源的复杂时间特性对风险评价实时性与准确性的相互制约起重要影响，因此本项目拟首先研究基于同一类型核电站配置状态集合蒙特卡洛抽样的平均部件重要度方法，以精确评价不同配置状态下核电站部件风险贡献及其预排序；然后深入研究多时间尺度下的核电站风险监测中各类数据源固有的稳定性特征及其对核电站的总体风险贡献；最后结合部件风险贡献阈值进行实时风险监测模型的多时间尺度动态建模，以解决风险评价中的实时性与准确性相互制约的问题，从而实现核电站实时风险的精确评价。此研究将对核电站实时风险监测理论研究起到一定的推动作用，并有较强的工程应用前景和积极的社会影响。
跳跃扩散模型的计量检验及其利率模型等中的应用,"本课题研究跳跃扩散模型的计量检验问题，并将发展的方法应用于利率模型识别等金融问题。跳跃扩散模型在资产定价、衍生品定价、风险管理、交易策略、对冲策略等金融问题里有着广泛的引用，但是实证结果的可靠性取决于假设的模型是否正确识别,因此对这些模型进行识别检验至关重要。本课题将首先研究参数跳跃扩散模型的计量检验，推广文献中基于转移分布函数、矩方法、经验过程等纯扩散模型的检验方法，并研究转移分布函数的近似对检验统计量的影响。 本课题还将发展新的跳跃、波动函数和半参数模型的检验方法。在考察检验统计量的渐进理论性质和蒙特卡洛模拟表现的同时，还将研究微观结构噪音、数据抽样频率、非参数方法的选择、小样本、bootstrap实施方法等对检验统计量的影响。该课题最后将发展的检验方法应用于美国和中国的利率市场，对常用的利率模型进行严格的检验并找出最佳的利率模型。"
供应链的顾客退货政策研究,在电子商务主导的新的市场环境下，国内外零售业普遍面临商品退货量大、退货成本高的严峻挑战。退货政策不但影响顾客的购买和退货决策，同时也影响零售商的定价和库存决策，从而影响供应链的相关决策和绩效。目前顾客退货及退货政策已引起学术界和工业界的密切关注，迫切需要在数据分析技术以及顾客学习能力、信息搜索能力快速增长的时代特征下开展新的研究。基于此背景，本项目将系统地研究该领域尚未解决的三个新问题：1）供应链中顾客退货信息的分享机制及对供应链的影响；2）动态和定制化退货政策的研究；3）顾客退货政策在多渠道供应链中的协调机制及对供应链绩效的影响。本项目将在前期工作积累的基础上，借助优化理论、博弈理论、收益管理等理论工具，采用数理推演、数值计算与实证研究相结合的方法手段进行研究，其研究结果对于揭示新的退货政策机制并据此获取新的供应链优化管理策略具有重要的学术价值和现实意义。
移动互联网环境下交通出行模式的重构机理研究,移动互联网环境下新兴的手机打车、拼车软件，定制公交等设施允许出行者利用互联网预约出行服务，实现交通资源共享。这类共享经济正深刻地改变着城市居民的出行方式并重构其交通出行模式（指出行链模式、出发时间、出行方式和出行伴同等方面）。本项目旨在揭示在当前互联网环境影响下，城市居民交通出行模式的重构现状及其产生机理。出行模式的重构本质上是处于新环境下的出行者在自身价值观的导向下重新作出的最优选择，因此探索重构机理的关键在于量化出行者新的出行价值取向。本项目拟采用截断式和拟追踪相结合的调查方法，采集城市居民交通出行模式的RP和SP-off-RP数据，并在此基础上研发一系列出行模式选择模型，揭示重构机理及其影响因素。过程中，区分出行方式选择中的两个步骤并校正样本自选偏差。模型可量化不同类型的居民在不同情况下的价值取向并估算某种重构发生的概率，可帮助决策者预判交通市场的变化趋势，并制定相应的交通管理政策。
一般跳分布下的跳扩散模型的期权定价理论及其应用,跳扩散模型在期权定价理论中有重要应用，得到了学界业界的广泛关注。跳分布的形式对基于跳扩散模型的期权定价有非常大的影响，实证研究表明不同市场具有多种跳分布，但目前只有当跳分布服从对数正态分布或者对数双指数分布时具有解析解。本项目试图研究一般跳分布形式下的跳扩散模型的期权定价理论及其应用，在国际上属于开创性的研究，具有较高的理论意义与应用价值。我们在前期项目的资助下，对于一般跳分布下的跳扩散模型的欧式期权进行了研究，建立了相应的理论框架，得到了较好的结论（相关文章目前在Management Science杂志处于Minor Revision状态）。本项目将以此为基础，完善离散跳扩散过程下的期权定价模型的理论，研究美式期权、亚式期权、障碍期权等路径依赖型期权的定价公式；同时，为更好地应用相关理论，本项目还将研究相应的参数估计及校准方法，提高算法的计算效率，以及在经济学特别是保险经济学中的应用。
考虑堆场交通拥塞因素的集装箱港口运作优化问题研究,随着集装箱港口岸边装卸设施的日益先进，影响港口吞吐量的瓶颈因素已由岸边操作逐渐转移至堆场系统，而堆场内集卡的交通拥塞现象正是制约堆场操作效率的重要因素之一。现有的大多数港口运作优化模型常忽略堆场交通拥塞因素，因此所得到的调度方案很容易导致堆场局部区域交通线路过于密集，进而引起拥塞。本项目从考虑堆场内集卡的交通拥塞这个角度，去研究港口运作优化领域中的一些问题。首先，我们借助计算机仿真技术，针对堆场中的交通拥塞因素进行定量化的科学分析建模；然后以此为基础，借助数学规划和基于仿真的优化等技术，研究港口运作管理范畴里，短期、中期、长期层面上与交通拥塞因素相关联的三个决策优化问题：集卡调度问题、堆存位置分配问题、堆场布局优化问题等。本项目的研究成果，可以帮助港口运营商在一些运作问题决策中，在优化传统目标的同时，使得堆场内交通负荷的分布能尽量均衡，避免出现局部交通拥塞而影响港口整体运作效率。
政策约束下基于不同风险测度的最优保险投资策略,"本项目基于我国保险投资现状及已有研究的局限性, 采用多种风险度量方法, 考虑到国家政策约束, 建立新的保险投资模型, 探讨最优保险投资策略。主要建模思想有（1）考虑风险特征和投资者态度，构造新的风险调整报酬率；（2）兼顾不同风险特征，构建多重风险优化模型；（3）考虑风险的联动性和传染性，引入系统性风险指标。研究内容：分别基于上述三种建模思想，在不同承保风险模型、不同收益率分布和相依关系下建立多种优化模型并求解，探讨政策变化、投资态度、风险测度方法等对最优投资策略的影响，分析模型适用性。研究工具：以此方面已有研究为基础，借鉴随机分析、最优化、风险估计等领域新理论和方法，不断融合创新，从理论、模拟、实证角度进行对比研究，以获得有意义结果。研究结果理论上可发展完善已有保险投资决策理论，实践上可为保险公司乃至其它金融机构的投资管理者提供可供选择的科学决策思路和方法。"
基于地铁的城市物流多式联运网络优化方法研究,我国城市物流（Urban Logistics）的发展当前正面临交通拥堵、成本上升和环境污染等诸多问题的困扰。随着城市化进程的持续推进，未来城市物流将逐步向地下转移，释放出地面空间，进而形成地下物流与地上物流相互衔接、多式联运的城市物流共同配送格局，该格局可以发挥地面车辆短距离灵活性与地铁长距离低成本的综合优势。本项目首先将地铁轨道看做是城市不同区域之间，人员和商品流动的一种共同媒介，分析利用地铁承担地下物流（在地铁夜间客运停止及线路检修等工作完成之后）的可行性和经济性；其次，建立连接地铁站点（固定节点）的地上物流网络布局优化模型，并研究基于模拟植物生长的启发式算法；第三，通过网络衔接、信息衔接和管理衔接，构建“地上-地下”多种交通工具无缝衔接、转运的城市立体化配送系统，为城市物流多式联运模式创新，提供新的途径和方法。
移动APP用户采纳后行为研究——深度使用与应用内购买,近年来，移动互联网的快速发展推动了传统服务的APP化。然而，老用户流失率高和付费用户转化率低一直是制约APP企业发展的瓶颈。本课题拟从移动APP深度使用和应用内购买的视角，采用顺序混合方法研究，揭示移动APP用户采纳后行为的主要特征、影响因素和基本规律。课题研究内容包括：1）对APP深度使用的内涵、维度特征和影响因素进行挖掘，并基于刺激-机体-反应理论，检验模型的调节中介效应；2）对应用内购买的特征加以解析，基于免费增值商业逻辑构建研究模型，并检验变量之间的非线性因果关系；3）通过移动APP日志和交易数据，研究不同层面上的深度使用行为对用户应用内购买的影响。本课题的主要理论创新在于突破了持续使用和移动购买的传统研究构架，为移动APP用户采纳后行为研究引入了深度使用和应用内购买的概念，并探究两者之间的联系。课题成果也将为移动APP企业提供帮助，为繁荣我国移动互联网行业发展提供理论和实践支持。
电子商务平台中网络零售商产品预售策略与协调机制研究,项目以电商平台为背景，以网络零售商的产品预售决策问题为对象，重点关注零售商的产品预售策略及其与平台的协调机制。主要的科学问题包括：刻画平台服务及参与者典型行为特征（网络效应、跨时空性、功能性）对网络零售商预售决策的影响方式与机理；以此为基础，设计平台模式下网络零售商的产品预售策略；基于平台系统参与者（平台提供者、网络零售商、消费者）动态交互行为分析，构建预售决策的动态交互模型，设计预售模式下平台服务系统参与者的协调机制。项目研究会根据新的问题，提炼新的理论与方法，形成新的理论工具。本项目研究的相关成果将有助于丰富预售管理的理论方法，同时为网络零售商及电商平台预售管理决策提供重要参考依据，具有一定的理论价值与现实意义。
非诚实行为的测度、成因、与经济影响：基于行为经济学的分析,本研究将行为经济学文献中 “非诚实”行为倾向的度量方法融入个体调查问卷相结合，辅以个体特征、风险偏好、居民态度、以及价值观等重要信息，建立一个独特的，研究中国非诚实行为的、跨地区的全国性大样本数据库。在此基础上探讨以下内容：.    1. 在个体层面上，将非诚实行为倾向与个体特征（如年龄，收入水平等）以及环境情景（如非诚实行为所能带来的经济回报，道德成本，监督力度等）联系起来，进而探讨非诚实行为的决定因素。为如何制定政策，减少非诚实行为，提高社会诚信提供科学证据与重要参考。.    2. 发挥所构建数据库“跨地区、大样本”的重要特点，在个体研究的基础上，系统分析我国不同区域（如省级）的非诚实指数差异，利用统计、计量模型建立诚信与地区经济发展的联系，并讨论诚信对于经济发展可能的影响渠道，包括企业效率，腐败行为，以及合约履行等因素。为相关问题的研究提供来自中国的证据支持。
面向不确定性混频数据的软集合预测模型与方法研究,在物联网、大数据、云计算等现代信息技术快速发展的背景下，快速、有效、准确的预测是政府与企业进行科学管理的重要依据。目前预测所面向的主要数据形态已逐渐变为不确定性混频数据，已有预测模型和方法难以满足时效性和准确性需求。.本项目针对不确定性混频数据特征，基于软集合的软识别、软映射和软关系等方法，深入研究面向不确定性混频数据的预测模型和理论。首先需要识别不确定性混频数据类型，选择软集合的合适形式进行表示，构建一元软集合预测模型。然后，为了保持数据的原始性，并分析预测因子之间复杂的内在关系，将多元预测因子集成为软集合，构建面向不确定性混频数据的多元软集合预测模型，并基于软度量理论提出评价方法。研究结果将丰富与完善软集合和预测理论，并可在实践中指导政府与企业科学、高效地进行管理。
证券市场复杂网络的分形特征及风险传染研究,将复杂网络理论与分形理论相结合，构建证券市场复杂动态关联网络，依据网络拓扑结构，从时间和空间两个维度，研究股市结构特征、股市运行的关联模式及风险传染规律。主要内容包括：（1）股市复杂网络的空间分形特征。将研究金融市场复杂性的分形理论从时间维度回到空间维度，依据网络聚集系数时间序列，分析网络的多重分形特征。（2）股市复杂网络的时间分形特征。建立股市的动态复杂网络，基于分形理论，将市场特征与表征时间标度内的分形参数相结合，研究其运行周期。（3）股市复杂网络的短期风险传染。以VaR为风险指标，分别构建下跌、上涨和振荡期股票短期风险复杂网络，考察三种情况下的股市风险特征。（4）股市复杂网络的长期风险传染。应用SIR模型，构建由上市公司间交叉持股和投资者整体持股组成的股市关联复杂网络，分析网络出现随机故障和遇到蓄意攻击时，风险在网络中的传染过程。研究成果可为证券组合投资及风险管理提供新的思路和方法。
面向大规模定制的敏捷设施布置公理优化设计基础研究,针对设施布置现行方法缺乏统一理性指导框架，建立适合大规模定制敏捷设施布置新公理体系(包括定理、推论和法则)；研究含模糊不确定的设施布置公理设计体系及其域间/域中转化，包括R/S测度的模糊扩展等问题；提出第三隐含分解公理并在此基础上研究其模板独立最优粒度及独立公理可重构让步松弛问题；扩展提出更具实际价值的有性繁殖进化策略，解决其控制问题，探索采用不同匹配限制对种群的影响机制及对有性繁殖进化速度、多样性、早熟度等指标的影响；再以有性繁殖进化策略为基础对公理设计体系进行完善。本项目的完成将给大规模定制带来统一理性框架基础上的敏捷设施布置公理优化设计体系，整合碎片经验，利用零散历史数据和相似产品数据，快速低成本的进行敏捷化重构；希望能够填补伴性类进化算法这项研究空白，给制造系统敏捷设施布置及工业工程其它优化问题，带来一个性能更优越、适应面更广泛的新的广谱“推进剂”，并对其它领域也有一定的借鉴意义。
基于项目多不确定性的关键设计结构矩阵研究,项目多不确定性的复杂化是导致传统项目管理方法失效的关键原因。本课题将项目多不确定性看作一个复杂系统，针对项目进度管理中工期延长与工序迭代等现象，利用线性系统状态转换方程、变更预测法等工具，基于关键链与设计结构矩阵技术提出关键设计结构矩阵。主要研究包括：（1）基于项目多不确定性的关键设计结构矩阵机理分析；（2）基于项目多不确定性的关键设计结构矩阵构建方法；（3）基于项目多不确定性的关键设计结构矩阵鲁棒性测度；（4）基于项目多不确定性的关键设计结构矩阵仿真优化；（5）基于项目多不确定性的关键设计结构矩阵实证研究。本研究主要在于认识项目多不确定性的作用机理，构建关键链与设计结构矩阵的协同机制，提升项目管理方法，具有重要的理论和实践意义。
考虑患者行为的医疗联合体协同优化研究,新时期居民对医疗服务呈现出高需求，高标准和异质性的特点，而医疗服务提供从各类机构独立供给转变成为医疗服务联合体的形式。为促使医疗联合体发挥分级诊疗的功效，满足居民不同的医疗服务需求，降低总的医疗成本，本研究以医联体为背景，首先通过对患者医疗服务过程中受客观、主观等多因素影响而形成的“有限理性”行为进行建模研究。进一步从战略层研究医联体内多主体医疗机构间的双赢激励机制，针对患者需求异质性的特点，考虑患者就诊行为对医联体组成主体间协同优化激励机制的影响；通过合同设计医联体多主体间的服务能力分配与保险最优定价，实现社会福利最大化。最后从运作层研究机制设计均衡条件下的医疗服务机构间的资源动态共享策略。本研究将拓展行为科学在医疗服务领域的理论研究，对以“医联体”为代表特征的服务联合体在资源有限情况下制定双赢的合作模式提供决策支持，在运作层面对医联体多主体间资源共享策略提供量化指导 。
含有温储备元件的复杂多态多阶段系统的可靠性研究,"为了增加系统的可靠性，经常会使用到储备件。储备件可以分为冷储备，温储备和热储备。其中，温储备可以在能量消耗和系统恢复时间之间取得平衡。温储备元件作为储备时处于部分工作状态，只有在工作元件失效后才替换主元件进入完全工作状态。温储备元件在这两种状态下的故障发生率不同，这给温备份系统的可靠性建模带来很大的挑战。目前对含有温储备的系统的研究多局限于并联结构。 而实际的系统可能拥有更复杂的结构,比如串并联系统和连续连接系统。除了结构更复杂之外,系统还可能包括多个工作状态和多个工作阶段。由于温储备元件带来的故障时间相关性以及系统本身的复杂性, 很难用单一的可靠性评估方法对系统可靠性进行评估。本研究将结合多种可靠性评估方法建立起含有温储备元件的各种复杂多态多阶段系统的可靠性模型。"
限制型需求管理政策对城市交通需求-出行结构-网络流量协同演化的影响机理及政策优化研究,以限购和限行为代表的限制型交通需求管理政策在较长一段时期内将是我国大城市交通管理的重要手段，但这类政策对城市道路交通的影响机理及政策的优化设计还缺乏相应的理论研究，影响了政策效果的充分发挥。本项申请计划以实际调研中发现的一些现象为切入点，将限制型交通需求管理政策对城市道路交通系统的影响抽象为“多用户条件下考虑弹性需求的路网交通流演化”问题，包括两个层次：1.限购政策下城市机动车保有量与构成比例的调整规律；2.限行政策下异质出行者在不同交通方式和路径之间分布的演化规律。基于此构建限制型交通需求管理政策下交通需求-出行结构-路网流量分布的协同演化模型，评价这类政策对城市交通系统运行效率和环境的短期与长期影响，深化对于这类政策的科学认识。基于以上理论研究，提出限制型交通需求管理政策的评价与优化设计方法，弥补这类政策在我国大城市中“应用广泛但粗放”的弱点，对我国城市交通管理实践产生一定的指导作用。
基于大数据分析框架的在线信用评级关键技术研究,互联网金融在极大的促进我国经济发展的同时也导致了各种风险。本课题针对个人信用风险评估，探讨在线信用评分关键技术，从而对互联网金融的风险控制作出贡献。随着社交网络的普及，个人用户常在社交网络中遗留与信用风险相关的特征。然而，传统的信用评分模型没有充分利用这些社交网络特征。本课题的研究可弥补现存信用评级模型的不足，其难点在于从社交网络大数据里快速高效地挖掘隐藏的信用风险特征，从而支持近实时信用评分。围绕该核心问题，课题将提出一个大数据分析框架，并在此基础上重点研究以下内容：（1） 基于并行主题模型的个人信用风险行为特征挖掘；（2）基于动态社区搜索的社区风险特征挖掘；（3）大数据分析平台上计算任务的均衡分配。课题研究意义在于：1）理论上，发展面向互联网金融的大数据分析框架，丰富和扩充社交网络大数据挖掘的理论与技术；2）应用中，课题的研究成果可直接为互联网金融参与者提供针对个人的在线信用评分服务。
基于PEMS和交通仿真的普通公路机动车集成排放分析模型和交通排放评价体系研究,面对碳减排的严峻目标和碳排放的污染激增，开展公路交通减排对实现碳减排目标和碳排放污染控制有重要意义。建立适合我国公路的机动车个体排放模型和通过集成公路网机动车个体排放获得公路网集成交通排放是开展上述工作的前提，对交通减排有理论和应用的意义。本研究依托上海市、山西省、和无锡市普通公路网，采用PEMS收集机动车各类排放数据，结合交通仿真软件，构建普通公路交通集成排放分析模型，预测机动车个体排放和公路网集成排放。通过公路网整体交通排放分析和影响元素敏感度分析，解析公路交通特征对机动车和公路网交通排放的作用机理，从而建立公路交通排放评价模型和体系，并提出切实可行的公路减排策略。研究成果将把握我国公路交通排放的现状和趋势，明确公路机动车个体和公路网总体排放的关键影响因素，提出公路交通特征改善、公路规划和设计、交通管理方法优化的策略和建议，提高我国公路交通排放理论研究和决策应用的科学水平。
基于全局权重的绩效评价、改进方法与应用研究,现实中，指标价格（或权重）的不确定性高、原因多、现象广。基于权重选择的绩效评价理论研究是管理科学领域的一个国际性研究热点。本项目首先通过文献的现状分析和发展趋势，提出应重点发展基于全局权重的绩效评价和改进方法的研究，主要研究内容包括：（1）全局权重空间的Sampling算法；（2）效率、排名、占优的概率测度方法；（3）基于全局权重的绩效改进方法。这些研究一方面提出了一些新的效率评价方法，另一方面改进了一些现有DEA 方法，在一定程度上丰富和完善了DEA 理论体系。研究成果拟应用于医院的绩效评价与改进等实际问题中，为中国医疗服务行业的决策者提供有价值的决策建议。
关联基础设施系统的弹性优化,近年来，自然灾害、需求激增、气候变化等因素使得电力、天然气与交通等基础设施系统的故障概率与风险逐年增加；同时，这些系统相互关联（比如天然气系统需要电能控制气压，电力系统需要天然气发电），使得单个系统故障极易在系统间扩散，严重影响区域经济和人民生活。因此，弹性的基础设施成为许多国家追求的目标，即要求系统对各类灾害有较强的抵抗性、适应性与恢复能力，其中如何优化基础设施弹性是关键。目前，文献中针对蓄意破坏的弹性优化研究未考虑灾后恢复，针对随机事件的研究仅考虑个别弹性优化策略，同时多数研究仅针对单个系统且未考虑系统需求演化。本项目拟针对关联的多个基础设施系统，重点以电力与天然气系统为例，考虑多类候选策略，首先研究需求不变时分别针对蓄意破坏与随机事件的弹性优化方法；然后研究需求演化时针对多重危害源的时变弹性优化方法；最后用实际系统验证与完善上述方法，并开发关联电力与天然气系统的弹性决策支持原型系统。
金融市场主体行为趋同与极端事件研究,2015年及2016年中国A股市场同步性暴跌给市场交易者带来巨大的系统性市场风险和流动性风险，而主体行为趋同是引发这类金融极端事件的直接原因。本项目基于复杂经济学思想和复杂适应系统理论，通过基于多主体模型的计算实验并辅之以真人实验室实验，从不同角度研究主体行为趋同的深层机制以及其引发金融极端事件的自组织过程，其中将重点关注多主体的行为耦合和行为级联机制。项目还特别对“跌停”和“熔断”这类干预手段引发 “磁吸效应”的机制和动力学过程进行了探索。在以上研究成果的基础上，本项目将一般性地讨论主体行为多样化与市场稳健性的关系，并给出应对与主体行为趋同相关的系统性风险的政策建议。本项目研究有助于理解金融市场极端事件深层原因，并为科学应对相关金融系统性风险提供理论支持。
基于子群视角的多指标群组集成技术研究,随着评价对象的日益复杂，多指标子群评价已在经济管理中得到了广泛应用。其中，集成技术是多指标子群评价的一个核心内容，体现了个体意见向群组意见集聚的过程。本项目立足于集成技术，与现有研究相比，主要特点有：（1）从群组组织形式的角度，研究了各种子群交叉情形下的集成技术，克服了现有文献研究视角单一的缺陷；（2）在多指标子群评价中，同时存在多指标集成（横向集成）和子群集成（纵向集成）两个过程，不同的集成路径得到的结论存在潜在不一致。因此，从集成算子的角度提出双向集成一致性的条件，有利于提高结论的科学性与可靠性；（3）在动态多指标子群评价中，“动态”一般指时间的维度，但评价主客体的变动也会影响集成技术的选择。基于此，拓展了现有集成技术以满足不同的动态情形；（4）从集成技术的角度将意见差异分解成正常差异和非正常差异，并研究了动态情形下的时间效应和随机效应，以提高集成技术应用的科学性。
面向用户决策的多粒度主题信息结构抽取及行为机理研究,在海量、多维度、异质、多应用的大数据环境中，用户选择决策相关信息时面临着两项挑战：如何选择与风险因素具有对应语义粒度的信息，以及如何通过学习来识别有用信息并纳入决策行为。.本研究以海量数据为中心，首先设计出面向决策主题的多粒度信息结构抽取方法，并通过其建立起主题特征之间的语义关系、以及语义之间的层级关系网络来服务用户决策中的不同信息粒度需求。然后，通过分析网络上信息协同过程中的数据生成及演化规律，同时设计新的序列数据表示模型来挖掘用户行为中的语义模式，进而发掘用户在海量数据中的信息选择、评价及决策行为机理。.研究结果在决策信息结构表示，序列数据语义模式挖掘以及用户信息选择机理上有理论创新和技术实践意义。同时有望为研究成果在电子商务中的应用提供技术支持和系统示范。
 基于不确定网购行为的“送货上门”配送优化策略与算法,“送货上门”服务是一种新出现的网购配送模式，具有需求不确定、交付时间严格以及产品利润低等特点，目前尚很少有相关的模型和算法提出以帮助理解这类配送问题的复杂性及其内在特性。本项目试图从网购行为的随机性入手，通过整合大数据分析和收益优化技术，研究提出各种配送路径与调度优化策略，以支持高效低成本的配送决策。研究的主要贡献：（1）引入“送货上门”难题，借助在线交易和点击流数据， 通过大数据分析技术获得不同区域和时间的订单需求预测模型；（2）针对网购客户分类以及订单的异质性，建立了不同订单需求下的动态“时间窗”定价激励机制，综合比较不同订单配送策略的有效性；（3）创新提出解决“送货上门”问题的整合模型，模型组合了车辆路径问题与约定排程问题，并考虑到不确定的客户行为对系统运作的影响。研究将建立一套与消费者网购行为相匹配的“送货上门”理论和方法体系，从而更有效指导中国快递物流的实践。
基于召回成本分享与供应链竞争的供应链追溯和定价策略研究,供应链追溯策略，即供应链各成员选择最优的追溯能力来最大化自己的利润，对降低召回成本以及保障产品安全举足轻重。以往供应链追溯策略优化研究往往侧重追溯能力的定性比较，没有考虑追溯能力对召回成本以及供应链决策的定量影响。本项目主要研究不同召回成本分担模式和供应链类型下供应链追溯策略和定价策略的联合优化。首先，我们构建了一个综合考虑供应链追溯能力、原材料特性、质检策略的召回成本模型。考虑顾客对可追溯产品的支付意愿，研究不同召回成本承担模式下供应链追溯策略和定价策略联合优化，以及成本分享合同对均衡策略的影响；其次研究不同供应链竞争类型下基于召回成本分享的供应链追溯策略和定价策略联合优化；再次研究资金约束下企业的投资分配机制与政府的补贴机制来改善供应链追溯能力。最后研究如何将追溯策略和供应链契约结合起来以实现供应链协调。本项目将为我国的召回成本降低和产品安全保障提供切实可行的方案。
基于个体情感模型的舆情传播机制研究,在快速阅读的自媒体时代，传播力和影响力并不在于事实和逻辑的传递，而在于态度和情感的群体激发。舆情传播研究的关键要素一是网民情感、态度、意见、观点的表达，二是传播扩散机制。本课题研究分四个层次：解构网络舆情传播中的结构要素，剖析结构复杂性和行为选择方向性与多样性的互动演化机制；研究舆情事件中个体态度空间重构、演化所形成的思维逻辑和认知架构，以及网民知识体系、价值观、情绪、行为特征在领域舆情上的投射，揭示网民参与舆情传播的内在动因；研究舆情传播中个体行为的态度空间演化和行为驱动机制，以及情感共振和非理性扰动下，态度空间演化与传播行为的耦合机制；研究基于领域语义本体，刻画态度空间重构下的网络舆情传播机制，并通过实验仿真探究网络舆情传播中的个体网民行为和舆情传播规律，为舆情的监测和引导提供理论支撑。
短期行动与长期目标的背离：基于动态跨期决策视角的研究,无论企业、政府或个人，都会为未来发展设置长期目标，但其短期行动却经常与长期目标不一致甚至相背离。这种目标背离行动会导致长期目标不能如期实现甚至失败。本项目以计划行为理论、期望-价值理论、行为反馈控制理论和有关行为决策理论为基础，基于动态跨期决策视角，提出目标及行动动态竞争与决策选择的理论框架，认为背离行动的发生源于短期诱惑目标与长期目标相冲突所引发的背离行动与一致行动间的竞争，而采取特定行动的意愿取决于决策者对两类目标价值、目标与行动难度以及行动-目标关联度的评估与比较。随着目标进程中行动结果的持续反馈，决策者对目标和行动的再评估会导致其意愿和行动的动态变化。据此框架，本项目采用现场研究和“一致/背离”动态跨期决策模拟实验等方法，着重探究组织和个人背景下目标背离行动发生的心理与行为机制，并初步探讨干预措施的有效性。研究将为组织和个人减少目标背离行动，促进目标一致行动提供理论和研究依据。
PPP项目合作方利益侵占和协同控制研究,PPP模式已逐渐成为我国基础设施建设的主要模式，是解决我国城市化过程中基础设施短缺和政府财政不足矛盾的重要途径。PPP模式的本质是政府和企业的跨组织合作，其目的不仅是实现各自利益，更是为了创造项目价值。因此，如何根据项目目的的不同识别和区分合作中的基本问题并对其进行有针对性地控制是理论和实践中亟待解决的问题。本课题从PPP项目合作中发生的侵占与协同两种基本问题出发，将控制分为正式和非正式控制，采用理论建模和实证检验的方法分别研究正式和非正式控制对侵占问题中合作主体行为动机的激励约束条件和对协同问题中认知一致的制约路径，解析正式和非正式控制解决侵占与协同问题的替代和互补关系，并构建主观博弈模型研究正式和非正式控制在PPP项目实施过程中的动态相互影响关系，提出PPP项目控制设计和实施的方法和对策。研究结果能够为PPP项目中政府和企业契约及组织设计提供理论指导，对项目合作效率的提高具有重要意义。
建筑工程计划中Time Buffer 的形成和分配 – 工程项目管理中的社会性研究,"建设项目管理的研究长期聚焦在正式的合同和组织管理层面。对动态非正式沟通和决策的研究，尤其是Time Buffer的形成机制及社会性对其影响，在国内外基本处于空白。Time Buffer是计划的任务时间和在最有利情况下最短完成任务所需时间的差值。它在施工计划中普遍存在，层层叠加,导致浪费，延误工期。我们提出的研究目标为1）测量Time Buffer出现频度和程度,并跟踪其原因；2）用Structural Equation Modeling方法确认并建立Time Buffer产生机制模型；3）建立动态的以Specialty Trade为单位的Social Network; 4)从Social Network的中心度和可信度的角度分析社会性与Time Buffer的相互影响。研究结果将有助于项目管理者策略性地减少和分配Time Buffer，在不增加成本的前提下，有效地提高劳动生产率，缩短工期。"
集装箱班轮运输联盟网络优化与动态收益管理方法研究,金融危机后，班轮联盟不断深化，成为班轮公司应对市场竞争、完善服务网络、降低运营成本的重要手段，并对集装箱运输系统规划和班轮公司运营提出了新的课题。本项目针对班轮航线结构与网络的复杂性、联盟方式和市场结构的特殊性，综合运用博弈论、数学规划、网络规划、收益管理、航运管理等理论，构建班轮联盟网络优化与动态收益管理方法。主要包括：（1）建立班轮联盟航线网络优化方法，将班轮联盟航线设计、运营调度与收益分配机制设计相结合，在优化班轮联盟网络时考虑联盟成员的决策行为与激励机制；（2）构建班轮联盟动态收益管理方法，优化联盟背景下订舱上限、集装箱路径、订舱控制策略与转移价格，设计近似线性规划约简、时间和状态空间分解、列生成等求解算法。.本项目研究有助于提高班轮联盟网络设计与运营调度的科学性，丰富和深化大规模网络收益管理理论方法。研究结论可为联盟背景下班轮运营、多式联运系统协调、港口物流合作提供借鉴。
数据驱动的个性化医疗服务决策优化研究,作为大数据环境下医疗健康领域的一个重要发展方向，个性化医疗服务要求医院根据患者的实时医疗健康数据定制化其诊断和治疗方案，并通过学习医疗资源的供需规律构建数据驱动式的医疗运作决策，以最大化患者效用和医疗机构运作效率。本项目针对个性化医疗服务所面临的个性化健康管理及医疗资源采购和库存管理等问题，利用统计学、运筹学、机器学习等工具建立一系列数学模型，系统构建数据驱动的个性化医疗服务决策优化方法。具体而言，本项目将:（1）开发数据驱动的个性化健康管理策略（包括个性化健康风险评估模型和个性化治疗方案优化策略等）；（2）开发数据驱动的医疗资源（包括药品、血液、可再生医疗器械等）采购和库存管理策略；（3）以围术期患者健康管理为例开展个性化医疗服务实证研究。项目成果将丰富数据驱动的个性化服务决策理论，为医疗机构提供管理方法和管理启示，对提升我国医疗水平、促进医疗资源有效管理、提高国民健康水平具有重要意义。
不确定条件下随机OD需求估计的交通网络传感器最优放置模型与算法,使用传感器自动采集数据估计OD交通需求，是交通规划与管理者普遍采用的方法。传统的研究中，假设OD 需求是确定性的变量，因此仅考虑估计OD需求的均值(一阶统计量)而优化放置传感器，忽略了OD需求的二阶统计特征。但是在现实中，受到各种因素影响，OD需求具有随机性，交通规划与管理者需知道OD需求的波动性和相关性，即：需要估计OD需求的协方差(二阶统计量)。如何优化传感器的放置，从而准确的估计OD需求的均值和协方差，是本项目的主要研究内容。本项目首先分析传感器的放置对随机OD需求估计误差的影响，尤其是对二阶统计量(协方差)估计的最大可能的误差。在此基础上，给出基于随机OD需求估计的交通网络传感器最优放置模型并设计相关算法。最后，项目将应用该模型和算法开展实例研究。本研究不仅可以进一步深化和完善交通网络建模中传感器放置的相关理论，还可以为交通规划和管理提供新的科学依据和应用实例，具有理论和现实意义。
基于期权信息的预测与投资组合选择研究,本项目从实践应用出发研究期权在预测基本资产数字特征和构建投资组合中的作用。现有文献中，基于期权信息的预测研究往往只集中分析一两个特定指标的作用，且缺乏对高频历史数据的利用；而包含期权产品的投资组合研究大多只考虑静态投资组合模型。针对这些不足，本项目拟开展一系列的研究工作：综合利用各种期权信息共同预测基本资产回报率，并构建基本资产价格模型；综合利用高频历史数据和低频期权信息预测基本资产波动率，并构建有代表性的中国股票市场VIX指数；在期望效用最大化、均值-方差、均值-CVaR和展望理论框架下，开展利用期权信息的基本资产投资组合分析，及包含期权产品的动态投资组合分析。本项目最突出的两个创新点是：在预测中，注重高频信息和低频信息的结合；在投资组合选择中，关注动态策略与静态策略的对比。研究成果能够推动数理金融的发展，帮助投资者厘清期权市场与基本资产市场的联系，为我国期权类产品的研发提供建议。
基于区间计量模型的信息不完全下我国居民家庭夫妻收入差异研究,本项目研究信息不完全下基于区间计量模型理论的我国家庭夫妻收入差异研究。家庭内部夫妻收入差异是社会平均性别收入差异的重要组成部分。本项目将开创一套系统性的针对信息不完全情况下数据特征和统计推断特点的区间计量建模技术与统计推断方法，可直接产生家庭夫妻收入的预测区间、测算社会经济因素等对家庭内部收入差异的影响、掌握家庭内部收入差异变化的规律和未来趋势，为相关部门提供决策依据。具体研究内容包括：（1）建立家庭内部夫妻收入差异的区间计量模型，解决传统方法按性别分组建模的信息损失问题（2）信息不完全下区间样本的小域估计（收入的区域差异估计）方法、所得小域估计量的极限理论和统计推断。（3）Generalized Cross Validation技术对区间模型设定偏误的稳健估计和检验方法（4）应用区间计量模型对我国的家庭夫妻收入差异的主要影响因素进行分析测算和预报，并进行国际比较。
基于投资者情绪和信息传导分析的资产定价研究,随着投资者完全理性、投资者同质预期、套利的存在会清除非理性投资者的影响等假设被不断突破，非理性交易者的行为对资产价格的影响成为资产定价研究中的重要议题。本项目提出新的研究思路，通过对证券市场基本面信息的传导和非理性情绪的传染，来深入研究信息和情绪对交易者行为的影响，从而揭示资产定价的微观机制。基于此，扩展资产定价理论，进而改进资产定价模型。本项目将提出新的刻画和度量投资者情绪的方法，实现对单个投资者情绪和市场整体情绪的刻画和追踪，从而解决实证研究上的困难。本项目将为我国证券市场提供大量实证研究证据，并推动对资产定价机制的理论研究；同时，将进一步促进计量经济学模型和大数据分析方法的交叉融合，改进研究方法。本项目有着重要的学术价值，也有广泛的应用前景。本项目的工作将为证券市场参与者的投资决策和风险管理决策提供帮助，同时也为市场监管部门在完善市场规则和监管方法等政策方面提供决策依据。
基于“健康数据银行”的决策大数据价值生成原理及服务模式研究,为了提高医疗健康大数据的价值和基于大数据的决策能力，为依赖人工智能、机器学习等实现个性化健康管理和精准医疗的计算机算法提供基本原理，重点研究基于“健康数据银行”的决策大数据价值生成原理及服务模式，为数据驱动决策提供强有力的支持。从“健康数据银行”的视角，研究以电子健康档案为载体的个人健康数据银行原理和以医学知识库为载体的医学知识数据银行原理；面向医疗健康大数据，研究基于价值生成网络、基于信息结构优化、基于学习与协同创造的决策大数据价值生成原理；基于“健康数据银行”，研究基于贡献度评价的个性化健康管理服务模式、基于收益共享的精准医疗服务模式、基于网络协同的综合服务模式；在理论研究基础上，辅以实证研究来验证健康数据银行运营模式的可行性和有效性，为实现个性化健康管理（预防干预和临床干预）、精准医疗和探索未知的医疗健康领域提供可行的理论方法，为推动我国医疗健康产业可持续发展提供解决方案和决策建议。
基于均衡与风险传染的保险公司资产配置与风险管理决策研究,近年来我国保险业高速发展，然而大量保险公司资产配置效率不高，且面临巨大的流动性风险与系统性风险压力。本项目结合当前保监会加强资产配置与风险监管的实际背景，从保险公司的角度出发，分析管理者的主观偏好、市场风险传染和债务融资等因素对其资产配置与风险管理决策的影响。结合保险精算、行为金融、公司金融等理论知识及保险公司的经营特征，首先构建含时间不一致性偏好、风险传染和债务融资的保险公司投、融资与再保险决策模型。其次，运用随机控制理论、均衡理论、微分方程理论、动态规划方法和数值方法对模型进行求解，得到最优策略的解析解和数值解。最后，运用Monte Carlo模拟和计量统计方法对结果进行敏感性分析并予以经济解释。项目紧密联系实际，其研究内容也属于当前行为金融、保险精算领域的研究热点和前沿问题，研究结果既可完善已有理论研究，也可为保险公司和监管部门提供合理的意见与决策依据，因而具有重大的理论与现实意义。
在线消费者评论有偏性的影响因素及其作用机制研究,在线评论已经成为消费者了解商品质量和商家了解消费者反馈信息的重要渠道，目前基于消费者在线评论数据的学术研究和实践应用日趋繁荣，但在线评论的有偏性问题尚未引起广泛关注。本课题拟研究在线消费者评论有偏性的影响因素及其作用机制，主要包括样本覆盖问题、评分倾向性影响、网站环境影响和垃圾评论影响。具体研究：1)消费者参与在线评论的影响因素及其作用机制，以及各影响因素之间的逻辑结构；2)基于评论文本情感的消费者在线评分倾向性测量方法，以及消费者现实属性和虚拟属性对在线评分倾向性的影响机制和地区/文化因素的调节机制；3)评论网站、商品历史评论和在线社会网络嵌入对消费者在线评论有偏性的影响机制；4)基于评论者、评论和商品之间依赖关系的垃圾评论识别方法和基于评论时间序列的垃圾评论识别方法。研究成果将丰富在线评论和消费者行为等相关理论，为学术界和实践界准确客观解读在线用户创造内容提供基础理论和方法支持。
复杂产品装配过程多态质量数据流建模及预测控制方法研究,为实现复杂产品装配过程质量控制的主动预防，必须注重过程数据流的动态检测与分析，提高实时监测和在线控制能力。但是，鲜有研究从多态数据流视角探究如何实现复杂产品装配过程质量实时控制，不断提高产品质量水平。本项目以复杂产品装配过程质量为研究对象，从数据流采集预处理、数据流挖掘模型、实时评估方法和动态预测控制技术四个角度系统深入研究装配过程质量控制难题，提出数据流驱动的装配过程质量动态预测控制理论与方法。主要内容包括：(1)研究多态质量数据流采集及预处理方法，提出数据流不确定性建模方法；(2)研究装配过程多态质量数据流挖掘模型，提出概念漂移的质量数据流挖掘模式及算法；(3)研究基于数据流挖掘的装配过程质量实时评估模型，提出评估指标体系和评估方法；(4)研究数据流驱动的装配质量动态预测控制方法，提出装配质量异常模式诊断和协同控制方法。本项目将研究成果应用于某典型复杂产品装配过程质量控制进行实证研究。
不确定环境下的系统备件优化,维修保障对发挥装备战斗力具有重要作用，维修保障资源的合理利用是构建完善的装备维修保障的基础，而备件正是装备维修保障体系的重要组成部分。在备件保障决策中，表征备件不确定性的主要方法是基于大量统计数据的概率论，但这种方法显然不适用于缺乏大量统计数据的装备研制和初期使用阶段，不确定理论是清华大学刘宝碇教授于2007年提出的一种处理小样本数据的公理化数学体系。本项目将要基于不确定理论对系统备件进行集成优化，该方法能够在缺少数据甚至没有数据的情况下给出全局最优方案，实现备件之间的合理优化配置。研究内容：(1)优化系统备件的品种；(2)给出备件需求量的不确定分布函数获取方法；(3)建立不确定环境下的备件优化模型，集成各级备件维修保障站点位置及其备件库存数量，构建单目标及多目标多层规划模型；(4)研究不确定备件优化模型的确定等价模型；(5)设计有效算法求解备件集成优化模型。
有限理性情境下项目群多主体冲突的复杂网络生成与博弈研究,在分散化决策模式下，项目群管理系统的多任务、多主体、多目标特征往往导致非完全共同利益群体的“双重边界化”困境，使得多主体冲突成为项目群管理研究的难点。本研究综合运用复杂网络建模及不确定性推理技术，研究有限理性情境下项目群多主体冲突的认知与表征、网络生成与博弈问题。从项目群多主体冲突的产生机理入手，提出有限理性驱动下项目群多主体冲突的表征与分类框架，借助不确定性推理技术研究项目群多主体冲突的网络结构生成规则与综合生成方法；在此基础上，针对决策主体有限理性所导致的不同管理情境，构建基于信息异构、柔性认知和公平关切的项目群多主体冲突的复杂网络博弈模型，通过网络熵、策略集隶属度和公平感知函数来刻画多主体分散决策与策略交互的动态演化过程；提出面向网络协同优化的项目群多主体冲突多目标管控机制。本研究强调从有限理性视角探讨特定管理情境下的项目群多主体冲突问题，以期为项目群管理决策提供借鉴。
泡沫演变过程中的资产价格行为与投资组合管理研究,资产价格泡沫会加剧金融市场波动，甚至引发金融危机，危害市场稳定。本课题拟在资产价格服从布朗运动的基础上，通过引入泡沫成分改变价格方程的收益率项特征，构建包含泡沫的资产价格方程，进而利用状态空间模型和卡尔曼滤波等方法估计泡沫水平，并检验估计方法效果和鲁棒性。同时，从系统动力学角度建立泡沫演变特征与市场因素间的映射关系，构建多资产泡沫自旋系统，确立泡沫状态转变临界时点。借助数值理论与仿真模拟研究泡沫动力系统的状态响应曲线，寻找防止泡沫崩溃的最优控制方法。在此基础上，研究泡沫演变条件下的资产定价问题，探讨泡沫与投资者行为及资产价格行为之间的关系。最后，基于均值-方差理论探寻泡沫演变过程对投资组合有效边界的影响，构建含有泡沫成分的风险度量指标，深入研究泡沫条件下投资组合问题。本课题力图为投资者加强风险管理提供理论依据，帮助监管者制定有针对性的泡沫防范措施，完善资本市场制度建设。
基于高频数据的金融资产价格过程模型设定检验与协同波动率估计,大量金融高频数据的实证研究发现资产收益率具有长记忆性，而目前已有高频环境下金融资产价格变化过程大多只考虑跳跃与微结构噪音成分，而且未甄别微结构噪音的类型。本项目将长记忆性、随机跳跃和微结构噪音三种随机成分纳入同一个理论模型，采用非参数方法研究金融资产价格模型的设定检验问题和协同波动率的估计问题。首先，采用两阶段方差和贝叶斯方法研究单个资产价格模型的设定检验问题，构造检验长记忆性成分和微结构噪音成分的统计量，并辨别微结构噪音的类型。其次，采用时变幂变差和随机矩阵技术研究多个资产之间的共同跳跃现象与时变相关关系。然后，结合拟极大似然法与门限幂变差技术研究协同波动率的估计问题。最后，采用我国金融市场的高频数据对项目所得统计量进行实证研究，以期得到适合我国实际的金融资产价格模型与波动率估计量。研究结果不仅完善了金融高频数据建模理论，也丰富了风险管理理论，对投资组合和资产定价具有积极指导意义。
电子商务交互式决策助手对用户购物决策行为的影响与演化研究 ,传统基于协同过滤算法的推荐系统虽然已是基于用户对商品评分的行为数据，然而却没有考虑用户购物偏好的稳态性与兴趣的动态性，互动性的缺乏使其弱化了决策支持功能。交互式购物决策助手能针对用户的主动性需求与搜索偏好，充分运用用户兴趣的变化规律，使用户能得到精度高的购物辅助决策体验。本项目基于人类动力学、心理学与行为科学以及营销学的相关理论，提出一种基于实验室实验（真实数据）和现场调查（感知数据）相结合的研究方法去构建用户兴趣变化的策略和计算模型，探讨用户在决策助手的作用下决策行为的演化轨迹。通过两大类数据的计算洞察不同用户在决策成本和决策质量之间关系的权衡问题。本项目研究结果一方面丰富了基于用户行为的交互式购物决策支持理论，另一方面为电商平台设计更有效的推荐系统提供理论支持，以求有助于用户的购物体验以及平台的营销绩效。
带有债务结构、债权人结构破产问题分配策略的博弈分析及机制设计,破产制度是完善经济制度的重要内容，其核心是破产分配理论。破产问题愈来愈多呈现债务结构、债权人结构的特征，研究这类破产问题的分配策略成为破产分配理论亟待解决的关键科学问题。本项目应用模糊博弈和联盟结构型博弈理论，研究带有债务、债权人结构破产问题分配策略的博弈分析及机制设计。通过将债务、债权人结构转化为目标函数和约束条件，由优化问题的求解确定特征函数，建立破产问题的模糊博弈和联盟结构型博弈模型，揭示分配策略与合作博弈解的对应关系，并基于公平性、一致性准则研究分配策略的公理化特征与非合作机制实现；通过债务、债权人结构表达合作联盟的效用，应用破产分配理论分析合作效用的破产分配机制。.  通过本项目的研究，构建带有债务、债权人结构破产问题分配策略的公理化体系与机制设计体系，提出合作效用的破产分配机制，丰富破产分配理论，为破产制度的完善与实施提供理论依据，为成本分摊和生源危机应对提供思路与方法。
基于多源数据的区域化交通拥堵演化规律及其影响机制研究,随着我国城市机动车保有量急剧增长，交通拥堵问题也发生了由局部瓶颈向区域网络蔓延的新特点。因此，传统的基于瓶颈控制的交通拥堵缓解措施已经不能适应新的需求。与此同时，计算机、移动通信与移动互联网等技术的发展，为获取大量、低成本、高精度的交通数据提供了新途径。为此，在当前大数据与智能交通的背景下，本项目拟综合运用交通科学、管理科学、系统科学、计算机科学等多学科的知识，揭示区域路网交通状态演化的基本规律；结合网络交通流宏观基本图理论，探索区域交通化交通拥堵产生、演化的影响因素及其影响机理；提出区域交通状态动态辨识方法与交通子区域划分方法；在以上研究的基础上，探索基于区域的交通流模型方法在交通实践中的应用，并采用计算机模拟方法进行验证。期望通过项目的实施，能够丰富网络交通流的理论体系，并且为构建区域化智能交通管理系统，提高城市交通系统管理水平，缓解城市交通拥堵，提供基础理论与方法支持。
基于高频金融数据的期权定价新模型：理论和实证研究,"本项目利用金融高频数据中所包含的市场波动率的精确信息，提出一个新的离散时间下的期权定价模型Realized Heston-Nandi，并系统的研究其理论性质和应用。该模型是在Realized GARCH以及经典的Heston-Nandii期权定价模型的基础上扩展而成的，并且兼具这两类模型的优点。新模型和Heston-Nandi 模型一样，能够推导出欧式期权定价公式的解析形式, 而且还保留了Realized GARCH模型简单优美的数学结构和易于估计的特性。同时，由于已实现波动率测度包含波动率的精确信息，在快速变化的市场环境中仍能较好的预测未来波动率，因此能更好的拟合实际期权数据。本项目还将研究该模型的几种重要扩展形式及其在金融衍生品市场中的应用，比如波动率长记忆性在期权定价中的影响，Realized Heston-Nandi模型在定中国市场期权定价的实证表现。"
大数据环境下基于网络用户行为模式识别的可信交互机制研究,“互联网+”是十三五规划的重要领域，信息安全是其突出问题。现有的身份认证机制、入侵检测机制、安全审计机制和访问控制机制忽视了终端用户行为的重要性。网络用户行为规律受目标、动机、遗传、文化、教育、环境、发展等因素影响，具有独特性、非阶跃性和演化性。挖掘利用网络用户行为特征，将极大增强网络信息安全保障能力。为此，以大数据环境下网络用户交互行为为对象，以交互行为模式为主线，以提高交互行为可信性为目标，以对行为模式的“意图—场景—应用—动作”递阶层次结构化分解为手段，系统研究大数据环境下网络用户行为的可信交互机理，构建网络用户行为模式的广义多维度结构化模型，探索网络用户交互行为的模式识别技术，进而开发以行为匹配、预警及多尺度评价为基础的网络用户可信交互行为控制模型，提出一套新的基于网络用户行为模式识别的可信交互机制及其方法体系，为提高“互联网+”背景下网络信息安全性能提供理论与使能技术支撑。
基于生态工业系统的环境规制机制研究,现代工业试图通过“生态工业”理念减弱其对于环境的冲击，但生产企业追求经济利益的内在天性和现有技术水平使这种模式未能如愿。在经济系统外寻求生态工业管理体制创新成为理论研究的突破性选择，碳排放限额此类措施成为现代工业发展的必要措施。本项目运用近年来影响力和实用价值日渐提高的环境规制理论，建立“资源→企业→闭环供应链→生态工业系统”多级环境规制效用模型，从单一规制到组合规制、规制的静态效应到动态效应等不同角度探讨生态工业系统中环境规制的作用规律。识别多个交叉闭环供应链中规制效用的波动规律，确定整个生态工业系统规制效用的扰动参数集，采用模糊聚类与关系代数法，抽取关键扰动参数并映射为可调控参数集。结合关系代数或图论基础构建的生态工业系统环境规制动力学模型，设计环境规制机制和绩效评估体系。最终形成基于环境规制的生态工业系统管理体制。这些研究体现出运用环境规制提升生态工业系统运行效率的新思路。
基于城市群复杂系统和大数据思维的城市规模优化及其测度研究,从城市群复杂系统与城市规模优化的界定入手，基于城市整体效用最大化，研究城市规模优化内在机理，从现实和潜在两个方面得出影响城市规模优化的重要变量及其最优组合数量，并探寻实现城市规模优化的最优空间路径。通过运用高维大数据分析城市网络特征，设定不同惩罚函数求解各层级各维度的目标函数，运用IASSO方法求解模型参数，同时实现重要变量选择和参数收缩，构建高维稀疏模型，并在模型中引入空间滞后计量模型，使构建的城市规模优化高维稀疏模型接近城市群中城市运行真实机理；通过复杂空间网络拓扑结构分析城市群各系统及各要素优化匹配的条件，得出城市规模优化的最优空间路径。研究将突破传统牛顿力学框架下的研究范式，并突破当前城市规模优化模型分析的局限，产生与我国城市群与城市运行实际更稳合的研究方法，从而开发具有更广泛应用价值的城市规模优化系统测度软件工具，有利于更好地实现我国各层级城市与城市群发展的设计、管理和控制。
模糊判断信息不完全下控制不确定程度的群体决策模型研究,采用不确定性捕捉与应对比较矩阵不一致性和不完全性，统筹考虑和控制不确定性程度是基于成对判断群决策的新兴和重要研究方向。本项目针对现有基于区间/三角/梯形模糊判断群决策研究中存在局限性，将从决策数据输入、加工与输出三个层面对这个课题进行系统深入研究。以申请人在几何一致性和模糊决策方面研究成果为基础，通过引入新的一致性和可接受性逻辑关系，提出控制不确定程度的模糊比较矩阵一致性理论，建立基于不确定程度的模糊比较矩阵不一致性测度和可接受性检验模型；研究具有不确定程度控制的缺失值求解理论和优化与启发式模型；考虑到可接性是判断信息基本约束，对不同群决策情景分别运用集结算子和优化方法构建保持可接性模糊比较矩阵集结模型；引入规范化可接受模糊权重概念，研究排序权重与模糊比较矩阵的转换关系，开发排序权重求解和层次总排序模型。其研究成果将发展与丰富模糊AHP的理论和实践，对提高群决策质量与有效性具有重要意义。
在线社交性商务行为及其模式研究,"在线社交性商务作为一种新兴的商业模式正推动经济新发展，据""Social Commerce Strategy and Outlook""研究报告显示，全球社交性商务的营业收入一直在稳步增长，这一数值在2020年有望达到800亿美元，因此对在线社交性商务展开研究具有重要意义。本项目针对在线社交性商务的关键科学问题，从信息技术功能与社会关系结构视角出发，将设计科学研究范式与行为科学研究范式相结合，致力于从多角度探索影响用户在线社交性商务行为的过程因素，以及各因素之间的潜在关系，进而构建用户在线社交性商务行为的理论模型，从而揭示用户在线社交性商务行为的内在机理。在此基础上，提炼在线社交性商务的商业模式，揭示在线社交性商务的动态演化规律。理论上为今后对在线社交性商务行为的研究提供理论基础和方法借鉴，实践上为在线社交性商务的运营商、参与者更好地挖掘在线社交性商务平台蕴藏的巨大潜在价值提供策略指导。"
大数据驱动的抗菌药物使用与管理决策优化研究,抗菌药物耐药情况日益严峻，对全球公共卫生和可持续发展构成重大威胁，可能使人类进入无药可用的“后抗生素”时代。本项目根据中国抗菌药物使用情况和医改需求，以呼吸道疾病的抗菌药物使用为研究对象，从大数据驱动出发，综合运用管理、信息、数理与医学等多学科知识，通过医疗健康大数据分析、建模优化、模拟仿真等研究方法，对医院抗菌药物使用与管理决策问题进行优化。从个体责任角度，通过基于大数据分析的蒙特卡罗模拟与数学优化相结合对抗菌药物治疗方案优化，提供个性化诊疗策略、改善治疗效果；从社会责任角度，运用细菌传播动力学、细菌耐药泊松过程和经济学模型对抗菌药物的使用策略进行优化，运用马尔科夫决策过程对抗菌药物资源的优化配置建模优化，提高抗菌药物有效生命周期、减少细菌耐药性、降低医疗费用。本项目的研究将为抗菌药物合理使用与科学管理提供理论依据和决策支持，形成符合中国情境的抗菌药物使用管理机制和健康服务价值创新。
紧急医疗服务的资源配置与调度,紧急医疗服务体系是医疗事业的前沿阵地，主要包括院前120急救和医院急诊两个密切的组成部分。紧急医疗服务主要是将医疗服务快速、准确地送到病人身边给予初步诊治，继而将病人通过救护车等工具转移到医院急诊科室加以救治。本项目针对紧急医疗服务特点，研究院前和院内两部分的资源配置与调度问题。首先面向院前急救所处的高度不确定性环境，综合运用随机规划、大规模问题分解和协调、启发式算法等技术手段，研究院前急救中救护车等资源的配置管理问题。在此基础上拟针对高度动态到达的多级复杂需求，基于马尔科夫决策支持、仿真优化等方法研究资源实时调度和预留策略。同时针对院内急救面临的时变多级患者需求，基于排队论、算法设计与分析等理论研究院内急救医生、诊疗设备等资源的配置和调度问题。最后结合上海120急救中心、瑞金医院等单位进行实际案例研究。项目的研究成果对于提升我国紧急医疗服务的资源利用率，提高服务水平有重要意义。
共享经济模式下基于产消者有限理性的能源共享优化定价策略研究,能源共享作为能源电力领域共享经济的新兴模式在实践中发展很快，但相应的理论研究却难以满足实践发展的需要，特别是对于能源共享网络中优化定价问题，绝大部分运营商（企业或政府）都是依赖经典定价机制且基于产消者完全理性行为的假设而进行决策，并没有考虑网络共享特征和产消者行为所固有的有限理性，进而可能导致定价偏差并无法实现能源领域及国民经济整体利益的最大化。为此，本项目针对能源共享优化定价策略问题，运用行为科学与博弈论、实验研究、数学规划和系统仿真等领域的知识，首先给出典型能源共享网络中产消者有限理性的行为策略，并考虑政策支持/经济补贴和定价策略的设计建立定价模型；然后，针对模型的特征和复杂性，提出模型求解的有效算法；最后，通过数值实验研究揭示基于产消者有限理性的能源共享优化定价策略的规律，为能源共享的实际运作提供理论依据和决策支持。
创业团队信任违背及信任修复研究—基于人际和公司治理的动态双层视角,创业团队解体的重要原因之一是创业伙伴之间的信任危机。鉴于此，本项目拟进行创业团队信任损害及修复研究。首先，项目组拟研究创业团队信任结构及其变化规律。其次，项目组根据前期调研，拟将创业团队信任违背划分为基于人际和基于公司治理的两大创业团队信任违背类型，并在此基础上计划从个人层面、团队互动层面、系统层面对创业团队信任违背影响因素展开深入研究。再次，项目组拟采用案例研究、情景模拟等方法从人际和公司治理视角分别展开对创业团队信任修复机制的研究：人际视角下，项目组将探究协商+书面承诺、第三方调解、谈判等三种分属不同互动类型的修复策略的直接修复效应及相应中介、调节机制；公司治理视角下，项目组拟探究股权调整、控制权调整、经济补偿三种修复策略的直接修复效应及相应中介、调节机制。最后，以前述拟研究内容为基础，计划提出创业团队信任修复对策建议。通过本项目研究，希望为打开创业团队信任修复的黑箱提供新思路。
基于风险度量的金融资本监管,伴随着全球经济一体化进程的加快，金融工具革新与金融衍生品的出现，金融和保险业面临的风险不断加强。如何确保金融业的健康、可持续发展，保障社会经济稳定发展成为一个至关重要的风险控制课题：金融监管。在金融监管中，资本监管是一个极其重要的手段。如何准确地量化风险与预防风险是资本监管的前提与基础。.     风险度量是量化风险的工具，在资本监管中用以计算最低资本储备。本项目拟对风险度量在资本监管中的理论和应用展开系统的研究。一方面从回溯检验与稳健性等方面对已有的风险度量展开系统的研究；另一方面，从金融监管的审慎框架的角度出发探索更公平合理的风险度量。.由于金融监管是通过平衡金融机构的目的和决策达到降低系统风险的目的，因此本项目拟研究在资本监管之下，金融机构的策略优化问题，从而得到系统风险的大小。这对研究资本监管对系统风险的作用至关重要。 .    这一项目的完成可以为金融资本监管提供理论指导。
基于高维非线性广义分位数回归的系统性金融风险计量,金融危机引发了系统性风险管理理念变革，不仅需要考虑金融系统自身，还要考虑实体经济、国际环境等外围因素影响来探究系统性风险演变规律。已有系统性风险测度方法，对此考虑不足，存在严重低估问题。本项目研究系统性金融风险计量，考虑众多因素对系统性风险的复杂影响，提高系统性风险测度的准确性与稳定性。首先，通过广义分位数回归，给出CoGQR-isk类风险测度方法，研究其包容性等；其次，建立高维数据广义分位数回归模型，识别关键影响因素，给出边际风险贡献测度；再次，建立非线性广义分位数回归模型，刻画金融机构之间非线性关联关系，判别系统重要性金融机构；最后，建立广义分位数向量自回归分布滞后模型，研究金融系统稳定性与风险承载能力。本项目研究在理论上，建立系统性风险测度统一分析框架，不仅包容了现行主流方法，还提出了新测度方法；在实践上，能够有效地揭示系统性金融风险的发生机理与变动规律，为金融风险管理提供决策支持。
大规模风电并网管理中的风能资源评估与预测研究,近年来国内外对风力发电的各种问题的研究越来越深入，由于风速的间歇性及不确定性使得电力系统的稳定性受到了极大的冲击，因此，对大规模风电并网中的风能资源的评估及预测问题的研究仍然是一个十分困难和具有挑战性的任务。长期以来，上述问题的研究一直滞后于电力工业的发展。本课题研究工作从两个方面进行：理论上进行多维异常数据检测与挖掘算法、人工智能算法及预测理论与方法的研究；应用上进行风电场异常数据检测与挖掘、风能资源挖掘与评估、风功率预测的不确定性分析及风功率预测的研究。本项目是数据挖掘技术、预测理论与方法、人工智能与风电场信息管理系统的交叉，它的完成不仅丰富了大数据处理与挖掘技术、人工智能算法及预测理论与方法，而且为风电场决策支持系统提供了可靠的技术保障。
具有时间冗余的复杂多阶段任务系统的可靠性评估方法,本项目以工程应用需求为背景，主要研究具有时间冗余和条件路径等特性的复杂多阶段任务系统（PMS）的可靠性评估方法。这类系统中存在某些阶段，其任务完成只需要系统在阶段内满足最短正常工作时间要求即可。此外，系统的阶段任务执行流程可能具有由外部事件触发或阶段任务执行状态触发的条件概率路径分支。项目的主要研究内容包括：具有时间冗余等特性的复杂多阶段任务系统的可靠性要求的规范化描述方法；具有时间冗余的多阶段任务系统的可靠性建模与评估方法；具有依赖于外部事件或阶段任务执行状态的条件路径的多阶段任务系统的可靠性建模与评估方法。本项目综合运用多视图建模、连续时间Markov链、Markov再生过程、组合模型与状态空间模型相结合的混合模型等理论方法进行研究。本项目的研究将为航天测控通信系统等复杂系统的任务可靠性评估提供重要的理论方法和关键技术支持。
基于Signature的相依系统可靠性与安全分析,本项目以Signature为主要工具，紧抓以往可靠性理论研究中相对欠缺的两个重要元素—系统结构的一般性与元件寿命的相依性，开展相依系统可靠性与安全方面的研究。主要研究内容包括：Signature的有效计算方法和年龄性质；具有一般结构的相依系统随机性质和可交换系统的元件冗余优化问题；具有一般结构的目标攻击相依系统防御问题。本项目旨在（1）以Signature为系统结构的描述，建立一般相依系统下元件寿命和系统结构对系统可靠性的影响机制；（2）建立以Signature及其相关量为优化目标的可交换系统最优元件冗余策略；（3）建立以Signature为系统结构描述，以Copula为攻击相依描述的目标攻击相依系统最优防御策略研究框架； (4)建立Signature的有效计算方法和年龄性质，扩展Signature在可靠性理论中的应用范围。
基于金融关联超网络的银企风险传染及其控制研究,现代经济金融系统显著的特征是经济主体间具有高度的关联性，其在带来诸多经济效益的同时也为风险传染提供了重要的媒介。针对此，本项目基于超网络理论，结合经济学、行为金融学、优化决策理论与方法等，研究银企风险传染及其控制。主要研究内容有：刻画经济主体的行为规则和决策机制，构建金融关联超网络模型；剖析风险基于金融关联渠道的传染路径，构建基于金融关联超网络的银企风险传染模型；分析单重或多重冲击下风险传染效应；研究经济主体行为、合作网络结构与金融监管政策等对风险传染效应的影响；通过对风险传染过程分析，设计风险传染控制策略并研究其效果。本项目将为银企风险传染研究提供新的视角，具有较强的创新性，其研究成果对维护我国金融体系与实体经济稳定具有现实的理论意义和良好的应用参考价值。
基于时空分类数据的过程质量控制方法研究,时空分类数据在实际制造及服务业中是很常见的，例如晶片检验数据及公共卫生数据。对产品质量及事件发生进行异常识别是极其重要的问题。然而传统的统计过程控制方法不能有效地对时空分类数据进行监控。因此，本项目的目标是要提出有效的适用于时空分类数据的统计过程控制方法。研究内容将集中在如下几方面：（1）利用层次模型对空间二项数据进行建模，（2）基于模型及数据特点，构建似然比控制图，对其进行监控，（3）利用BVB-AR（1）模型对二元自相关二项分类数据进行建模，（4）基于模型，结合指数加权移动平均（EWMA）与似然函数构建控制图，利用马尔科夫链计算控制图指标（平均运行长度），并利用变点理论对异常发生位置进行诊断，（5）模型参数估计对控制图的影响。项目研究成果对于拓展离散变量统计过程控制的研究方法，推动其在实际中的应用具有重要理论和应用价值。
市场价格发现模型与实证技术研究——如何利用科学方法揭示“黑箱中的黑箱”,价格发现是金融市场最重要的功能之一。市场微观结构是尚未被完全认识的“黑箱”，价格发现机制犹如“黑箱中的黑箱”难于观测与度量。本课题对现有价格发现模型与实证方法进行系统性总结，指出研究模型存在的主观性，实证方法存在的局限性，以及两者的不一致性。在此基础上，本课题提出新的价格发现研究范式，考察在微观交易机制、信息披露规则和交易者行为的共同作用下，信息如何进入市场、如何被公开，以及如何最终被完全吸收的全过程。同时，提出基于状态空间法的价格发现实证技术，并对数据挖掘、参数估计和模型识别问题进行深入讨论，保证模型构建符合数据结构特征，参数估计具有明晰经济学解释，以此达到理论研究与实证技术的统一。 本课题是将微观结构领域各分支系统性纳入价格发现研究的有益尝试，也是将工程学技术引入金融问题的交叉科学探索。提升市场价格发现能力对完善我国金融市场具有现实意义，本课题将在理论探索与实证技术方面提供参考价值。
需求导向的综合评价集成框架及随机聚合求解,综合评价领域成果丰硕，但仍存在一些不足，项目关注其中三个重要方面，即“需求表达不一性、评价结论绝对化、多方法结论非一致性”三个现象，其中“多方法结论非一致性”是综合评价推进过程中最大的难题，而对于其它两个现象的深入分析是解决该难题的重要途径。本项目针对“需求表达不一性”及“评价结论绝对化”现象，递进地提出由“方法导向的评价模式”向“需求导向的评价模式”，再向“需求导向集成的评价模式”改进的思路。在面向复杂问题时，新模式可建立起开放、动态、不断旋进完善的综合评价集成框架，运用尽可能完整的信息、评价方法及随机聚合求解算法，形成遵循事物客观事实的高质量评价结论，从而使得评价需求者对于“多方法结论非一致性”的困惑在通过结论反馈、需求交互、信息更新的不断旋进过程中得到系统的解决。最后，将研究应用于“中国省域及城市实时绩效测度”问题中，为“创新、协调、绿色、开放、共享”这一新理念的持续推进提供支撑。
雨天城市道路网络交通流特性分析及拥堵控制策略研究,降雨天气下城市路网的运行特性与正常天气下的运行特性有着明显的不同；其运行效率以及可靠性明显降低；严重影响了人们的出行和交通系统的正常运行。本项目拟对雨天城市交通网络实测数据进行获取和融合，提取雨天城市交通流基本图、驾驶员跟车特性和路径选择行为。改进现有的道路交通流理论，建立雨天城市网络交通流仿真模型。通过仿真模拟，揭示降雨强度等级、路径选择行为、需求分布、信号灯控制策略等因素对城市网络交通拥堵的形成、演化过程以及宏观基本图性质的影响。根据雨天拥堵形成机理和传播特征，采用最优化理论与计算机模拟相结合的方法，研究雨天静态路径诱导策略。基于雨天城市网络宏观基本图性质，设计周边流量控制策略，通过仿真实验验证所提策略的有效性。本项目的研究有助于提高我国雨天城市交通系统的运行效率，为城市交通管理部门预防、控制以及缓解雨天的交通拥堵提供重要的理论依据。
基于社会感知数据的城市居民活动-出行行为机理分析与建模,正确理解和准确预测城市居民的活动-出行行为是科学制定城市交通规划和需求管理策略的前提。手机用户位置、社交媒体/App签到、公交刷卡记录、车载GPS轨迹等社会感知数据的日益丰富，为活动-出行行为研究带来了新的机遇与挑战。本项目拟通过开发活动日志手机App来调查出行者的日常活动-出行行为，在此基础上研究从社会感知数据中提取个体社会属性、活动类型、出行方式等隐含信息的出行链重构方法；通过对大规模社会感知数据中重构出的个体出行链时空结构特征和群体活动-出行模式的挖掘，识别影响个体和群体活动-出行模式的关键因素，揭示城市居民活动-出行模式形成的深层次机理；构建基于活动的出行选择决策模型，并开发活动-出行模拟实验平台原型，实现对城市居民复杂活动-出行行为的预测。项目研究成果可深化对我国城市居民活动-出行行为机理的理解，丰富和发展出行行为分析理论与方法，并为合理制定交通规划与需求管理政策提供科学依据。
大群体偏好下的信息融合与共识理论及其在推荐系统中的应用研究,大群体决策呈现出决策参与人不再局限于某领域专家、决策信息来自异时异地等新特点，是一种更适应于互联网+时代下的决策方式。本项目分析已有研究的局限性，提炼出大群体偏好信息下的信息融合与集结、不完全信息处理及共识一致性等关键问题。（1）提出大群体环境下基于犹豫信息的信息融合理论。发展可能性分布理论，为包含犹豫信息的偏好信息融合提供新的工具。（2）提出基于统计分析的不完全信息估计方法。设计缺失信息的可估计判别准则，利用个体信息、子群体信息、其他子群体信息，给出估计缺失信息的新方法。（3）建立大群体环境下的共识决策模型。考虑共识过程中的约束条件（如成本、时间），设计交互式或自动化共识模型；分析个体或子群体的策略操纵行为，探讨控制策略。（4）拓展大群体决策理论到具有广泛商业应用前景的群体推荐系领域，改进其推荐有效性。研究结果旨在为解决大群体偏好信息下的决策问题提供借鉴，推动现有理论研究的深化。
雨天城市道路网络交通流特性分析及拥堵控制策略研究,降雨天气下城市路网的运行特性与正常天气下的运行特性有着明显的不同；其运行效率以及可靠性明显降低；严重影响了人们的出行和交通系统的正常运行。本项目拟对雨天城市交通网络实测数据进行获取和融合，提取雨天城市交通流基本图、驾驶员跟车特性和路径选择行为。改进现有的道路交通流理论，建立雨天城市网络交通流仿真模型。通过仿真模拟，揭示降雨强度等级、路径选择行为、需求分布、信号灯控制策略等因素对城市网络交通拥堵的形成、演化过程以及宏观基本图性质的影响。根据雨天拥堵形成机理和传播特征，采用最优化理论与计算机模拟相结合的方法，研究雨天静态路径诱导策略。基于雨天城市网络宏观基本图性质，设计周边流量控制策略，通过仿真实验验证所提策略的有效性。本项目的研究有助于提高我国雨天城市交通系统的运行效率，为城市交通管理部门预防、控制以及缓解雨天的交通拥堵提供重要的理论依据。
基于社会感知数据的城市居民活动-出行行为机理分析与建模,正确理解和准确预测城市居民的活动-出行行为是科学制定城市交通规划和需求管理策略的前提。手机用户位置、社交媒体/App签到、公交刷卡记录、车载GPS轨迹等社会感知数据的日益丰富，为活动-出行行为研究带来了新的机遇与挑战。本项目拟通过开发活动日志手机App来调查出行者的日常活动-出行行为，在此基础上研究从社会感知数据中提取个体社会属性、活动类型、出行方式等隐含信息的出行链重构方法；通过对大规模社会感知数据中重构出的个体出行链时空结构特征和群体活动-出行模式的挖掘，识别影响个体和群体活动-出行模式的关键因素，揭示城市居民活动-出行模式形成的深层次机理；构建基于活动的出行选择决策模型，并开发活动-出行模拟实验平台原型，实现对城市居民复杂活动-出行行为的预测。项目研究成果可深化对我国城市居民活动-出行行为机理的理解，丰富和发展出行行为分析理论与方法，并为合理制定交通规划与需求管理政策提供科学依据。
大群体偏好下的信息融合与共识理论及其在推荐系统中的应用研究,大群体决策呈现出决策参与人不再局限于某领域专家、决策信息来自异时异地等新特点，是一种更适应于互联网+时代下的决策方式。本项目分析已有研究的局限性，提炼出大群体偏好信息下的信息融合与集结、不完全信息处理及共识一致性等关键问题。（1）提出大群体环境下基于犹豫信息的信息融合理论。发展可能性分布理论，为包含犹豫信息的偏好信息融合提供新的工具。（2）提出基于统计分析的不完全信息估计方法。设计缺失信息的可估计判别准则，利用个体信息、子群体信息、其他子群体信息，给出估计缺失信息的新方法。（3）建立大群体环境下的共识决策模型。考虑共识过程中的约束条件（如成本、时间），设计交互式或自动化共识模型；分析个体或子群体的策略操纵行为，探讨控制策略。（4）拓展大群体决策理论到具有广泛商业应用前景的群体推荐系领域，改进其推荐有效性。研究结果旨在为解决大群体偏好信息下的决策问题提供借鉴，推动现有理论研究的深化。
基于风险管理的综合风险模型及其应用研究,风险管理是保险公司的永恒主题，随着保险业大量资金进入资本市场的趋势愈发显著，保险公司除了应对极端自然灾害事件带来的保险风险之外，还面临着利率变动，投资收益率下降以及其他金融风险，并且各类风险呈现较强的相依性。. 本项目将在综合风险模型的框架下探讨保险业关注的一类风险测度--破产概率的渐近估计，在之前的研究基础上，进一步研究具有相依结构的模型假设下，有关破产概率的若干前沿问题。如金融风险和保险风险的作用机理，以及多类险种相互作用对破产概率的影响，研究对象和研究方法设计概率论，保险精算，风险管理以及随机模拟等多个领域，具有较强的理论价值，与潜在的应用背景。
大型资源网络的黑洞效应、多稳定域与资源损失评价研究,在大型资源网络中，部署、调配与优化各类资源，特别是在物联网与大数据环境下，尽力提升系统的总体工作效率、经济效益并能减少网络资源损失，这是国际上大型资源网络及其资源管理领域中一个新的重大研究课题。本项目旨在针对这种大型资源网络及其资源管理进行数学建模，发展能够研究黑洞效应、多稳定域、网络资源损失评价等的基础理论与关键技术。基于此，本项目的研究内容包括：（1）针对四类实际的大型资源网络，利用排队网络、马氏过程与平均场理论进行数学建模，通过非线性马氏过程理论研究系统的黑洞效应、多稳定域与网络资源损失评价等重要问题；（2）提炼普适大型资源网络的体系架构与关键因素，建立一套新的随机过程序列的极限理论，研究黑洞效应、多稳定域、网络资源损失评价以及它们之间的内在关系；（3）提供减弱黑洞效应或者限制多稳定域转移的管控策略。本项目的研究成果将为提高我国大型资源网络管理水平，提供一些原始理论创新与实践指导。
城市矿产开发利用的多态不确定性与非线性性特征及集成决策优化理论与算法,城市矿产开发利用不仅具有一定的经济效益，更具有显著的环境与社会效用。本项目利用数学建模方法和现代优化理论与方法，从城市矿产的来源，矿产利用的主体和典型区域三个维度，重点研究城市矿产开发利用中诸多因素的多态不确定性和因素之间的非线性性特征；在合理的场景设置下分别建立靶向城市矿产综合开发利用的集成决策优化模型，即在同一个模型中，既实现上层水平优化问题中政府管理决策的生态社会效用极大化，也保证下层水平优化问题中城市矿产回收利用企业生产的经济利润最大化，因而所建立的模型属于不确定性环境下的双层规划问题；针对所建立的非线性多态不确定优化模型的复杂性，本项目基于现代优化思想和计算机技术，研究求解该类模型的柔性优化方法和高效的交互式数值算法。项目的完成能够弥补现有理论与方法的不足，为我国城市矿产综合开发利用中统一政府和企业决策优化提供科学理论保证，并发挥实践指导作用。
参考点视角下的适应性行为资产定价研究,行为金融学的兴起见证了心理学规律在资产定价领域的广泛应用。本申请的目标是将一些关于心理适应性（即心理偏差受市场因素影响而变动）的深刻见解用于扩展现有的行为资产定价研究。参考点依赖是我们的研究起点，即决策者会根据其参考点将所处情形区分成好坏两种不同状态。在此基础上，我们考虑三种心理适应机制：1）关于价格成本结构的适应性参考点，2）关于盈利和亏损境况的适应性信心与学习模式，3）关于信息质量的适应性损失厌恶。在理论研究方面，本申请拟建立基于这些心理适应机制的市场均衡定价模型（包括噪音投资者模型和代表性个体模型）、明确这些心理适应性机制对于市场均衡的可能影响、推动行为资产定价研究在心理与市场互动维度上的深度和广度。在实证研究方面，本申请定位于在上述心理适应机制及其定价含义的基础上提炼一些新的分析视角，加深对一些具体的中国股票市场异常现象的成因的理解，揭示中国股票市场定价过程更多的心理本质属性。
产品层级体系下电商用户的分层信任网络建模与多样化推荐,在大数据背景下，干扰信息和恶意用户大量存在，用户间的信任对在线购物决策起到重要作用。许多大型电商平台为方便用户购物，往往按产品类别来组织产品，形成一套完整的产品层级体系。在此体系下，该课题基于用户的在线评论，研究对应于产品层级的用户分层信任网络的构建及其推荐问题。首先对用户之间的信任关系的建立机制进行研究，基于此提出用户间信任关系推理算法。然后基于评论挖掘，分别构建产品和用户的信息属性模型。在此基础上，针对电商平台的产品层级体系，考虑到用户间信任关系对产品类的情景依赖性，研究由底层到顶层逐层递进的分层信任网络的构建策略。基于分层信任网络，研究推荐策略，实现满足用户多样化需求的个性化推荐。最后进行课题方法的评价与应用研究。通过课题研究，在理论上，力图完善信任网络以及信任推荐的理论体系；在实践中，面对电商实际存在的产品层级体系，力求为用户提供可靠的、多样化的产品推荐，为其在线购物提供决策支持。
基于动态不确定因果图的概率安全评价新方法研究,核电站等大型复杂系统概率安全评价PSA非常重要。目前采用的PSA方法主要基于事件树和故障树，要对每一个初因事件建造事件树，每棵事件树关联若干故障树。这些事件树和故障树彼此未必独立、可能存在逻辑循环，因果关系被假定为确定的和二态的，导致评估结果可能偏离实际且偏乐观。此外，这种方法工作量大，重复性多，整体性不强，理论不严谨。动态不确定因果图（DUCG）是申请人原创的一种概率图人工智能理论模型，已成功用于核电、化工、航天等大型复杂系统的在线故障监测、预报、诊断、预测和决策支持。已完成的实验结果正确率100%。本项研究拟将DUCG理论用于PSA分析，以克服现有方法之不足，是本领域的一项开创性技术方案，具备严谨的理论基础。本项目拟开展四项研究：1、理论和算法构建；2、手算算例验证；3、开发实现本理论的系统软件；4、核电站工程实例验证。本项目以清华核研院高温气冷堆为验证对象，具备理想的研究条件。
信息驱动的重大工程全景式决策模式与信息治理研究,"由于受到工程本身的物理强关联结构、环境大尺度演化、主体认识能力不足、以及复杂的自然社会经济环境等因素的影响,重大工程的决策具有深度不确定性特征,再加上客观上的信息需求量大以及主观上的主体偏好等方面的原因，特别在考虑互联网的环境下，重大工程决策过程中存在着信息短缺与信息过剩并存的问题。本项目首先对重大工程决策信息的科学性内涵以及典型特征进行剖析；基于扎根分析法研究信息与重大工程决策质量之间复杂的相互关系与作用机理；在此基础上从提高决策方案鲁棒性视角，构建信息驱动下的全景式重大工程决策范式；从保证决策过程规范性角度，基于递阶式委托代理理论，研究重大工程决策信息治理行为与机制，并且研究了互联网时代下，基于网络数据挖掘技术的社会信息利用与引导机制。本课题研究在一定程度上扩展了工程管理研究的前沿,为有效利用重大工程决策信息,提高决策质量提供了理论支持与管理建议。"
大规模对地观测卫星组网统筹运控理论与方法,随着对地观测卫星技术发展，包括敏捷卫星、微小卫星新一代技术也正日趋成熟，卫星类型和数量正逐步扩大，大规模组网已逐步具备现实的硬件基础，探索国家层面上如何统筹运控成为一项重要研究课题。资源完全分散在多个重要部门不利于统筹运控管理，而资源完全集中又缺少各部门精细化管理的灵活性。为此，本项目面向大规模卫星组网提出群运控模式，兼顾精细化管理与统筹运控需求，实现带有多个重要部门协调的统筹运控管理；本项目考虑多种业务融合下的运控需求，建立协同式群规划模型，实现包括光学成像卫星、电子侦察卫星、测绘卫星等多类型大规模卫星组网的群规划技术；提出智能协同优化求解方法，从领域启发信息挖掘、组合算法优化、分布并行式处理、自适应智能协同工作等角度探索实际大规模运控系统求解技术；应用贝叶斯网络进行风险评估，探寻风险控制手段，将鲁棒性要素纳入统筹运控中，提高群运控风险应对的鲁棒性。
城市地铁施工安全风险云的分布演化机理与控制方法研究,城市地铁施工安全风险云是城市地铁施工系统安全状态及其时空分布情况的综合反映，并随着施工过程在时空尺度上不断涌现、演化直至灾变，但国内外对此缺乏系统认识和研究。本课题结合复杂网络、数据驱动、解耦控制等理论方法，采用理论建模、数据挖掘、计算实验、工程验证等多种研究手段，重点围绕城市地铁施工安全风险云的分布演化机理与控制方法这一主题开展系统性研究。通过分析地铁施工安全风险的时空分布特征及时空差异特性，明确地铁施工安全风险云的内涵界定，深入研究地铁施工安全风险云的影响因素及其异质耦合机理；建立基于多主体复杂网络的地铁施工安全风险云模型，揭示地铁施工安全风险云的时空动力效应与灾变演化规律；构建基于数据驱动的地铁施工安全风险云概率分布估计方法，提出基于解耦原理的地铁施工安全风险动态控制策略，为城市地铁施工安全风险分析决策提供理论依据和方法支持，对提高我国城市地铁施工安全管理水平具有重要理论和实践意义。
在线面孔诱导用户选择偏好研究：行为学与脑神经机制视角,在线面孔是打开互联网用户心灵之门的一把钥匙。如何促进吸引用户眼睛、激发用户情感，诱导用户选择行为，是信息管理与消费者行为研究领域中的一个重要且有趣的研究问题。本项目首先采用眼动记录、行为学实验、和问卷调查等研究方法，针对有无在线面孔、不同特征在线面孔、不同特征在线面孔与不同类型产品的匹配三个研究对象，层层递进地分析了在线面孔对用户选择行为的诱导作用，包括浏览轨迹、情感体验和理性体验等方面，构建了在线面孔的用户选择行为诱导理论模型。在此基础上，进一步从脑神经机制的角度，采用无创伤性的脑功能磁共振成像技术（fMRI），揭示在线面孔产生诱导作用的本质原因，打开人们选择行为的“黑箱”。本研究是对神经信息系统（NeuroIS）这个新兴交叉科学领域的前瞻性探索，有重要的科学价值和实践意义。
基于贝叶斯极端分位数回归的金融风险度量理论及应用研究,本项目以金融资产/机构/市场的收益率为研究对象，根据收益率的时间序列描述模型，利用贝叶斯统计推断理论和分位数回归建模技术，构建金融资产/机构/市场收益率的贝叶斯极端分位数回归模型，建立贝叶斯金融风险度量理论与方法。构建贝叶斯GARCH、MS-AR/SETAR极端分位数回归模型，进行VaR等金融风险度量；构建具有单向相依关系的贝叶斯极端分位数回归模型，估计CoVaR和风险溢出效应，研究金融风险与外生因素之间的结构关系；并运用贝叶斯模型平均方法估计ES和CoES；构建贝叶斯VAR-VAR极端分位数回归模型，研究金融风险的交互相依关系，脉冲响应函数和风险转染问题。.本项目通过金融资产/机构/市场收益率的贝叶斯极端分位数回归分析，提供金融风险度量建模工具，解决参数不确定性条件下VaR和CoVaR金融风险度量问题，提出ES和CoES的贝叶斯模型平均估计方法，据此解决VaR和CoVaR的非一致性问题。
移动社交网络中隐私泄露风险度量研究,移动社交网络正在深刻影响人们的日常生活。一方面移动社交网络为用户提供各种便捷的服务及社交体验（例如：用户利用手机实时地获取位置信息，查找附近的咖啡馆、酒店等，并与朋友分享带有位置标签的内容）；另一方面社交网络中用户又面临着隐私泄露的巨大挑战（例如：用户的位置，照片，评论分享，服务商、广告商通过移动终端对个人信息的采集等）。现有的研究通常只针对隐私泄露的某一方面从技术的角度进行隐私保护，却很少从风险度量的角度探讨。本项目就是针对移动社交网络中的隐私泄露问题，从人的因素、软件的因素、经济因素等方面进行隐私泄露风险度量研究。本项目首先采用攻击防护树模型形象地对当前存在的隐私泄露途径及防护措施进行刻画，其次利用马尔可夫方法及机器学习方法对移动社交网络中用户行为及应用软件权限进行风险度量，最后引入经济博弈模型对移动社交网络中隐私的攻防双方的行为策略进行分析，为移动社交网络隐私安全管理提供策略支持。
工程施工团队质量行为适应性机理、异化路径与防范机制研究,我国工程建设屡屡暴露出质量问题，实践表明施工团队质量行为异化是导致质量事故频发的最为重要的因素之一。由于施工团队质量行为具有情景依赖性、多元目标谱等复杂性特征，防范质量行为异化的实践效果并不理想。本项目基于行为适应性与复杂性视角，通过融合工程质量管理、质性研究、情景模拟等多学科理论与方法，提炼影响施工团队质量行为的因素，厘清其对质量行为的作用途径、影响效能及其传导机理；分析行为异化情景下施工团队多元目标谱的重构机理，明晰质量行为异化成因；研究主体与施工团队的目标与利益冲突以及主体之间关联机制的动态变化对施工团队质量行为演化与异化路径的影响，分析主体机会主义行为与施工团队质量行为异化之间的非线性关联机理；构建具有情景适应性的质量行为异化防范机制。本项目研究将为我们防范施工团队质量行为异化提供理论支撑与实践指导，对于丰富管理科学与工程理论，促进我国工程质量管理理论和方法创新具有重要意义。
中度偏离、泡沫与单位根过程的结构变化理论和应用研究——我国供给侧改革和金融监管的理论和实证依据,本项目由我国数据特征和国内外文献提炼出研究的理论问题：确定性趋势从低次到高次变化的单位根检验以及非线性非对称的单位根检验，其关键是检验统计量的渐近分布函数和有限样本性质及其随机趋势（有理论认为源于供给性冲击）的分解，由此为供给侧改革和经济新常态提供科学依据；将Philips等提出的中度偏离单位根扩展到带确定性趋势的中度偏离检验、将限于ADF框架的泡沫检验扩展到结构变化的泡沫检验，应用于我国金融数据，基于此评价市场运行；原创性地基于分布函数研究中度偏离、泡沫和（近）单位根过程的识别与转换，这一方向的关键是给出从中度偏离到（近）单位根的检验统计量和对应分布性质等，从而原创性地揭示中度偏离何时以及如何转换为单位根过程，将其应用于我国上证指数等是否从中度偏离转化为单位根，其结果直接作为是否干预（中度或泡沫）、什么时间干预（单位根转化为中度偏离）等问题的证据而体现出科学的现实意义，从而满足监管市场的迫切需要。
耐用品更新换代下以旧换新与产品架构决策问题研究,市场竞争加剧与技术飞速发展，加快了产品更新换代速度。为了获得更大的价值，顾客会不断升级产品。然而，很多耐用品升级代价大，会降低顾客升级产品的积极性。为了激励顾客升级产品，大多数企业会采用以旧换新、模块型架构等措施。企业面临的决策问题是采用整合型架构还是模块型架构、要不要推出以旧换新策略、应该推出哪种以旧换新策略。在现有研究基础上，我们将考虑更新换代模式、定价策略、新产品更新程度、旧产品折旧程度、模块型升级质量损失程度、旧产品库存、旧货市场价格和顾客行为等因素，运用顾客行为、定价、库存控制、博弈论等理论，建立顾客购买决策模型、企业库存与定价决策模型，然后采用动态优化、随机比较、超模等技术求解，分析以旧换新、模块架构策略对企业、顾客和社会环境的影响以及两种策略之间的相互影响。我们还将调研国内耐用品制造销售企业，对模型假设、理论结果做进一步的验证，为我国企业以旧换新和产品架构决策提供管理启示。
自动驾驶与人工驾驶车辆混行条件下的交通安全系统评价理论与方法,自动驾驶被广泛认为是车辆智能化技术发展的最高级阶段，自动驾驶技术以安全行驶为第一目标，可有效减少事故的发生，但由于自动控制策略与普通车辆不同，自动驾驶车辆可能为交通系统引入新的安全隐患。如何综合全面地评价引入自动驾驶车辆对交通系统的安全影响，正是本研究关注解决的重要科学问题。随着自动驾驶技术的兴起，必将增强自动与人工驾驶车辆的交互影响。本研究将针对这一过程中的系统安全性进行研究，采用实车实验、理论推导与系统仿真相结合的方法，从基础的微观跟驰驾驶入手，对车辆与驾驶员控制行为差异性进行建模分析；深入探讨碰撞危险的产生与传递演化机理，进而对宏观安全水平进行建模评价；对交通状况、车辆组成、自动控制策略、驾驶员特性等系统参数变化下的交通系统安全风险变化规律进行推演，绘制随着技术升级、自动驾驶普及率提高，交通系统安全水平发展演化的清晰图谱，为未来智能车发展以及智慧交通管理与服务提供理论基础与决策支持。
风险耦合效应和传染机制理论建模与实证研究,风险耦合效应和传染机制的研究涉及多重风险、多维变量及复杂的经济现象，加之依存环境的不确定性，国内外现有文献较少问及，至今尚属风险管理领域的研究难题。本项目拟以不确定性与风险为首要切入点，提炼与风险耦合效应和传染机制相关的科学问题，应用金融经济学的最新研究成果建立理论模型，采用空间计量经济学方法、时间序列统计分析及数值模拟技术（其中包括：Monte Carlo模拟、有限元与有限差分、神经网络技术和小波分析等），开展不确定性与风险的本征特质-厚尾性、时变性、异质性、非对称性和高维性研究，结合金融市场跨界发展的全球化情景，探讨风险耦合效应和传染机制的内在机理和动力学演化规律，并尝试在新古典金融学和行为金融学相融合的框架下，分析本项目研究结论偏离现实情景的内在原因，充分论证本项目研究成果的科学性、有效性、合理性、稳健性和可操作性，积极为我国金融市场的健康发展和国家经济金融的安全建言献策。
基于日内高频数据的多资产协方差估计及其预测模型构建研究,运用金融高频数据可以构建波动与协方差的“已实现估计量”、识别单资产价格跳跃与多资产联跳，为协方差建模提供了新的途径。鉴于此，本项目选取我国证券、期货、期权等金融市场的日内高频数据，在现有研究基础上，分别从已实现估计量的构建、协方差模型外生变量的选择、协方差模型结构的设计三方面进行创新。通过1）改进提出适用于中国金融市场的中、低、（超）高维协方差估计量，2）有效识别多资产价格联跳并建模分析，3）在协方差模型中合理纳入宏观经济变量、交易量、隔夜收益、跳跃与联跳（强度）等外生变量，4）为协方差模型合理引入非线性结构，5）根据中国金融市场异质性特征优化协方差多元HAR模型时间尺度结构等具体方法，改进对中国金融资产协方差的刻画能力与预测性能。本项目有助于增加对中国金融市场信息传导机制与微观结构的认知，为投资者的资产定价、资产配置与风险管理提供有效基础工具，为监管部门的政策制定与宏观监控提供决策支持。
空天协同广域目标搜索中的动态资源配置与任务规划,广域目标搜索是指探测大范围的区域以确定特定目标位置的过程，具有很强的现实背景和应用需求，MH370航班失联客机搜救就是一个典型案例。由于其具有搜索面积大、环境动态变化、不确定性强等难点，因此如何配置搜索资源和规划搜索过程以取得最好的搜索效果成为一类重要的决策与优化问题。近年来，成像卫星和无人机等航空航天平台在广域目标搜索中得到广泛应用，日益成为重要的搜索资源，并且它们在搜索能力上的互补性也促使空天协同成为先进的搜索模式。由于空天协同搜索是一种创新的应用方向，虽已开展实践探索，但在动态资源配置与任务规划等方面尚缺乏足够的理论基础和方法支撑。为此本项目将在对广域目标搜索任务建模与空天平台搜索能力建模的基础上，深入研究空天协同动态资源配置与任务规划方法，并结合具体搜索事件开展案例研究。本项目的预期成果可以拓充完善搜索论的内容体系，能够促进空天资源的优化配置和高效使用，并为决策者提供决策支持。
基于数据分析的多维不确定环境下手术室调度优化方法研究,目前我国医院手术室资源紧缺、利用效率低，与手术服务需求激增之间的供需矛盾突出，通过科学调度提高手术室的资源利用率是缓解这一矛盾的有效途径。手术室调度问题兼具数据驱动性、多资源性、多维不确定性、多参与主体性等难点，对建模与优化方法提出了新挑战。本项目拟从数据、方法和应用三个层面展开，优化资源利用率的同时提高病人、医疗团队的满意度。主要内容包括：基于医疗数据分析，对影响调度性能的关键参数进行科学估计；在术后恢复室容量限制下，针对手术过程和需求不确定性，利用关键参数构建考虑紧急病人手术等待时间阈值、术前准备/术后清理资源配置、择期病人手术取消的随机规划调度模型；通过分析模型性质，分别设计两阶段优化算法、改进多目标进化算法和分支定价切割算法；最后开展应用研究。以期在基于数据分析的多维不确定环境下的手术室调度理论和方法方面取得创新性成果，促进我国医院提高手术室资源利用水平，缓解手术服务的供需矛盾。
考虑差异分批的复杂流水车间调度问题及其分布估计算法研究,传统的流水车间调度问题已经得到了广泛的研究。本课题主要针对更贴近实际生产过程与加工特性的、考虑差异分批的复杂流水车间调度问题开展研究。复杂流水车间由多个加工阶段组成，每个加工阶段又包含若干台并行的单处理机器或批处理机器，工件的尺寸各不相同，批处理机具有容量限制，批处理机一次能够加工多个工件。我们拟考虑两类不同的评价指标，即考虑制造期、总完工时间等成本相关的优化目标，以及考虑提前/延迟、滞后工件数量等与客户满意度相关的优化目标。本课题拟分别对上述各类问题进行建模，在分析问题的计算复杂度和理论性质基础上，基于分布估计算法设计出一种混合优化算法框架。在提出的混合算法中，本课题将分别探讨概率模型的构建及其更新、与其它智能算法的融合策略、分批算法和调度批算法、嵌入的局部搜索算法等诸多方面，力求使所设计的方法在效率与效果两个方面表现优异性能。
外部组织整合、知识获取对新服务开发绩效的影响：关系质量和吸收能力的调节作用,网络环境下新服务开发具有许多不同于新产品开发的特点。企业通过有效的外部组织整合可促进知识获取，进而提升新服务开发绩效。然而，这种影响机理如何？关系质量与吸收能力有怎样的调节作用？现有研究缺乏探讨。基于此，本项目基于服务科学、社会网络、关系管理及知识管理等理论，针对现有研究的不足，深入探讨：（1）网络环境下新服务开发的模式与影响因素；（2）外部组织整合、知识获取是否显著影响新服务开发绩效？（3）这一影响路径是否受到关系质量和吸收能力的调节？（4）在此基础上，提出服务企业提升新服务开发绩效的相关策略、路径与策措施。此外，还将通过典型服务行业的案例研究对实证结果加以验证。本项目充分利用中国经济转型中服务业大发展这个独特的背景维度，挖掘出外部组织整合、知识获取、关系质量、吸收能力及新服务开发等概念更多、更有意义的理论内涵，拓展理论应用的空间，为提升我国服务业的创新绩效和竞争优势提供理论指导。
产品创新的综合集成理论与方法,在以动态变化为特征的超竞争时代，产品创新是企业核心竞争力之一。相对于常规化的生产和营销，产品创新更为复杂，更缺乏科学化、工程化和信息化的理论、方法和工具的支持。本项目根据产品创新的需要和特点，建立新的产品创新流程模型，从条件、来源、效应和特征等方面，分析产品创新的复杂性，应用处理复杂性的综合集成理论与方法，提出产品创新的综合集成理论。根据产品创新各阶段的复杂性特点，从综合集成的对象、目标、内容和形式等方面，探索相应的产品创新综合集成方法和技术。在此基础上，实现支持产品创新的信息系统，为企业产品创新提供科学化的理论、工程化的方法和信息化的系统支持。本项目的研究既是中国学派的复杂性理论在创新管理领域的一次创造性的应用，也将丰富和发展处理复杂性的综合集成理论和方法体系。
金融衍生品定价中的计量经济学分析,金融衍生品定价中的计量经济学分析是本研究项目的重点关注对象。具体来说，我们将充分运用金融衍生品交易价格数据，核心高效的计量经济学方法，对连续时间金融衍生品定价模型进行参数估计和校准等计量分析。突破以往类似研究对于仿射型等数学上较容易处理模型的依赖，我们将试图在一般的多因素随机波动率跳跃扩散过程模型框架下研究如下几个广受关注的问题，提出新的方法：一、欧式期权价格的闭型式逼近及其在模型极大似然估计中的应用；二、提出一种对于模型进行渐近校准的方法；三、模型隐含波动率曲面的闭形式逼近及其在基于隐含波动率动态面板数据的模型参数估计和校准中的应用；四、离散观测的路径依赖期权（例如，美式期权）价格的闭型式逼近及其在模型参数估计和校准中的应用。在研究中，渐近展开方法将为我们提供有力的数学工具。与此同时，我们也将进行大量的蒙特卡洛模拟测试，并基于真实数据做深刻的实证研究。
大数据联盟云服务模式研究,随着互联网的蓬勃发展，数据呈爆炸式增长，世界已进入大数据时代。大数据具有数量大、结构复杂和价值密度低等特点，单个企业由于存在数据缺口难以满足用户对大数据全面化和个性化需求。针对这一问题，本项目提出将数据供应链上不同类型企业组成具有紧密合作关系的大数据联盟，通过数据共享，实现按需使用、易拓展、计费灵活的数据云服务模式。拟将运用交易费用和价值网理论揭示大数据联盟产生机理和大数据价值增值过程，构建大数据联盟组织结构。在此基础上，应用SOA和云计算理论建立基于“联盟云”的云服务模式体系，包括数据聚合即服务、数据挖掘即服务和数据决策支持即服务的三层数据云服务模式。该模式的建立可以弥补单个企业数据缺口，提高大数据价值密度，根据用户需求提供不同层次的梯度服务，不仅使企业数据服务从分析层次提高到决策层次，对增加企业数据服务能力和竞争力具有重要的实际意义，而且对完善联盟组织和服务模式理论具有重要的理论意义。
网络化协同制造环境下线上资源的在线聚类与优化调度方法研究,新兴信息技术与制造业的深度融合，产生了网络化协同制造这一新型制造模式。网络化协同制造能够有效促进社会制造资源共享，极大提高制造企业的制造能力，对我国制造业发展具有重要的现实意义。但线上资源存在着动态性、广泛性和异构性的特点，使用过程复杂、可控性差，传统调度理论难以实现线上资源的高效利用。本项目从制造企业运作的微观角度入手，探索线上资源的在线聚类和优化利用方法。首先，分析线上资源异构性的产生机制，研究异构资源的标准化规则，进而设计高性能的资源在线聚类方法；然后，从企业订单入手分析制造资源的需求，构建线上资源的在线选择模型，研究备选线上资源的选择机制，在满足制造需求的前提下优化制造资源的配置；最后，研究线上资源和企业自有资源的组合利用方法，优化企业的制造能力、制造成本和客户服务水平，研究线上资源对企业制造系统改进效果的评价方法，为制造企业高效利用线上资源提供理论依据和方法支撑。
基于非参数方法的环境效率评价理论及应用研究,本申请首先分析现有的环境生产可能集及环境绩效评价理论模型的缺陷，在此基础上构建环境生产可能集的一般框架和新的环境效率模型，并应用Monte Carlo实验验证模型的有效性，从理论上推广现有的环境绩效模型。其次，借助于Luenberger指标思想，从非期望产出约束手段的视角，构建基于环境绩效DEA模型的Luenberger指标及其动态对偶指标并探讨了基于宏观Leontief模型的Luenberger指标与基于微观DEA模型的Luenberger指标之间的理论关系，从理论上拓展了动态环境绩效的Luenberger理论。最后，应用上述理论和模型对主要发达国家和主要发展中国家环境效率进行多维度的客观的静态评价和动态分析并进行比较研究，并使用Tobit方法分析不可控因素对不同国家环境效率的影响，为我国环境效率的提升以及经济结构的调整和发展方式的转变提供理论支撑和实践指导，从而具有极为深远的学术意义。
大规模协同环境下工程经验知识演化机制和知识积累方法,本课题旨在研究大规模协同环境下工程经验新知识产生背景下的知识演化和知识积累方法。通过对工程经验知识的规范表示和语义描述，动态聚类多领域交叉的工程经验知识关联网络，从工程需求、技术变迁、组织环境、社会网络等视角，提炼影响工程经验知识演化的关键因素；通过分析关键概念的演进历程、核心受众的发展模式、表现形式的变化方式，提取工程经验知识演化的关键节点和演化路径，进而研究工程经验知识产生、发展、更替等演化现象背后的内在规律。通过追踪多用户参与下的工程经验知识获取及转化的全过程，探究工程经验知识在组织维度和问题域维度上的概念发展和新知识产生历程，从知识属性、特征、动机、约束等角度分析工程经验知识的突变，提出更加智能和快速的大规模协同环境下工程经验知识获取新机制，针对不同演化阶段设计针对性的企业组织知识积累方法。本研究将促进企业提升工程经验知识积累效率和知识管理质量，提升知识密集型企业的竞争力和创造力。
面向互联网信贷的基于多源大数据的个人信用评分关键技术,互联网金融是互联网+时代的重要产业。然而，由于基于互联网大数据的管理与决策技术还处在起步阶段，我国的互联网金融水平较低。尤其是互联网信贷行业，由于对互联网上借贷人的信用风险的评估能力较低，导致存在较大金融风险。因此，本项目将致力于多源大数据驱动的面向互联网信贷的个人信用评分模型的研究。通过提出基于多源大数据的个人身份识别模型，改变目前业界以账户为自然人的评分模式，全面地掌握并反映出借贷人的信用风险；提出一种基于风险相关性判别的大数据特征提取方法；建立融合多源数据的混合信用评分模型。这将是信用评分理论和技术体系的创新和贡献。面对TB级的互联网信贷数据，为解决模型的可扩展性和性能问题，将研究分布式/并行式的信用评分计算方法。本项目将实现评分模型原型和信贷大数据采集平台，并在真实的产业平台上展开应用研究，检验其有效性和可行性。本项目的研究成果将为我国的大数据科技和互联网金融产业发展做出贡献。
数字化核电站中的团队协调与沟通与人机交互,"数字化核电站主控室团队绩效很大程度地受到班组成员之间的协调与沟通的影响。由于数字化对于信息的显示、分享、人机协作关系的影响,传统核电站的经验可能不适用于数字化核电站,有必要研究数字化核电站主控室团队协调与沟通的过程及其影响因素,并探索支持团队协调与沟通的人机界面设计方法。生产环境的机密性和被试样本的特殊性使得主控室团队协调与沟通的相关研究非常有限。本研究结合核电站主控室实地研究、视频分析、操纵员访谈和实验室研究,深入理解数字化的核电站班组的团队协调与沟通机制，建立核电站班组的协调与沟通行为框架，研究团队协调与沟通的评价方法，设计支持沟通与协调的创新主控室共享画面设计方案，并通过实验室试验研究共享画面设计和协同诊断方式对班组绩效和协调沟通质量的影响，结果将为数字化核电站主控室的系统和流程设计、人机界面设计、评价和培训主控室团队提供指导性意见。"
基于主题挖掘的旅游运营商个性化推荐策略及其优化研究,随着旅游业的迅猛发展和旅游运营商日益激烈的竞争，综合考虑游客偏好和旅游运营商收益水平进行个性化景点推荐具有重要的理论和现实意义。项目首先提出基于时间情境和专家意见的扩展潜在狄利克雷分布主题模型进行景点主题特征分析，同时研究考虑信任关系的游客群主题偏好，在此基础上提出针对游客群的基于主题偏好的个性化景点推荐策略。随后，针对单游客来源地和多游客来源地两种情况，分析旅游运营商开展个性化景点推荐的关键成本要素以及游客需求的随机性特征，分别提出带有机会约束的随机优化模型以及基于图扩展理论的混合整数规划模型，进行推荐策略优化研究。进一步，分别基于样本均值近似方法和切平面法提出上述两个优化模型的求解算法，并通过数值计算实验分析算法的综合性能。最后，从旅游运营商的利润水平、游客需求的满足水平以及数值计算结果的鲁棒性等方面，分析所提出的个性化景点推荐策略和优化模型的有效性以及对旅游运营商的管理启示。
人与机器人协同研究：认知反馈与团队训练,人与机器人协同作业是未来发展趋势，在太空恶劣环境中机器人不仅可以协助人完成物品放置等空间操作，还能与人协同执行复杂的故障判断任务。信息提供和交互界面已不能满足人与机组成团队的需要，这就需要从认知和行为层面、从相互理解与学习的角度，探讨人机协同问题。因此，本项目以增强人与机器人协同能力为目标，从人理解机器人的角度，基于透镜模型的框架，研究认知反馈方法；从相互理解学习的角度，将机器学习和交叉训练相结合，研究团队训练方法；两种方法从认知与行为两个层面，通过双向交互筑建高效人机协同。结合空间定位操作和故障判断决策等典型人机协同任务，建立实验仿真平台与机器人硬件平台，通过人机协同实验，分析不同方法对团队绩效的影响，结合不同类型任务，分析各方法的作用机理以及人机协同的发展过程，为人机协同任务设计以及机器人智能设计提出理论和方法。研究结果对于航天等领域的人机协同设计及训练也具有实际工程应用意义。
面向消费者低碳偏好的电动汽车市场接受度及激发机制研究,提高电动汽车市场接受度，激发市场需求是促进电动汽车市场可持续发展的关键问题。项目拟以消费者低碳偏好特征刻画为切入点，研究电动汽车市场接受度及激发机制问题。通过网络平台和实地调研等途径挖掘消费者低碳偏好信息数据，从道德约束、低碳意识和经济驱动等三个维度刻画消费者低碳偏好特征，并提炼影响消费者低碳偏好的关键因素；构建基于计划行为理论的电动汽车市场接受度模型，并揭示影响市场接受度的敏感性要素；设计面向敏感性要素的电动汽车市场需求激发机制，并制定相应的电动汽车市场消费行为引导策略。以芜湖凯翼汽车有限公司为例，将项目研究成果应用于企业实践。项目预期在消费者低碳偏好特征刻画，市场接受度模型构建，以及市场需求激发机制设计等方面取得较高的创新性研究成果。相关成果将有助于丰富低碳运作管理理论，同时为我国电动汽车企业营销实践及政府推广电动汽车的公共营销活动提供实践指导。
团队互依性视角下个体创造力-团队创造力的转化机理及干预策略研究,近年来，团队成员的个人创造力如何转化为团队创造力得到了学者们的广泛关注。团队成员创造力构成包括平均和差异两个维度：高平均说明团队有更多的创造力资源，但也容易因观点差异而导致冲突和矛盾；而高差异则隐含着潜在的木桶效应和搭便车效应。如何根据团队成员的创造力构成状况，辅以合适的团队设计来有效利用团队的创造力资源是本项目要研究的问题。基于团队互依性理论，本项目拟探讨任务互依性、奖励互依性和目标互依性对个体创造力-团队创造力转化过程的影响及其作用机制。研究试图论证以下关键假设：高任务互依或高奖励互依情境下，成员创造力平均值越高越有利于团队创造力，成员创造力差异越大越不利于团队创造力；目标互依性有助于强化任务互依性和奖励互依性的积极效应并缓冲其消极效应；团队创新效能中介了任务互依性和奖励互依性的调节效应。研究结果有助于指导管理者根据团队成员创造力构成设计合理的团队互依性组合来提升团队的创造性绩效。
考虑驾驶员动态响应行为的城市快速路群体交通诱导理论研究,实时、准确地掌握驾驶员群体的动态响应行为，进而提供有效可靠的诱导信息来提升城市快速路出行可靠性和系统性能，是实施主动式群体交通诱导的核心问题。本项目针对以往群体交通诱导理论研究和实践中，对驾驶员群体实际动态响应行为考虑不足问题，解析群体诱导信息、驾驶员响应行为和网络交通状态的相互作用机理，建立以驾驶员群体动态响应行为为输入变量的网络交通状态演化模型；研究提供有效、可靠诱导信息的方法，提出与驾驶员动态响应行为一致的群体交通诱导机制；研究现实复杂交通环境下，基于多源检测数据和出行场景重构的驾驶员群体响应行为辨识方法，并建立动态模型；以此建立群体交通诱导模型，提出诱导策略时空协同优化方法，形成考虑驾驶员动态响应行为的城市快速路群体交通诱导理论，实现提升城市快速路出行可靠性和系统性能的目的。项目研究成果在学术上可以丰富和完善群体交通诱导理论体系，在实践中为管理者制定主动式交通管理策略提供理论支持。
具有平稳性、非平稳性和时间趋势的非参数面板数据模型：理论和应用,本项目旨在研究一类非参数面板数据回归模型的估计理论及其应用。模型中的解释变量既包含面板数据又包含时间变量，它们都以非参数的形式出现；进一步来说，面板数据从时间方向形成的时间序列来看共有两类，即平稳的和非平稳的，而从横截面来看数据之间具有相依性。所研究的模型允许内生性存在。我们将用正交级数方法研究模型中所有非参数的估计问题。为了给估计量建立中心极限定理，新的渐进理论需要发展，其应用并不局限于本项目。随机模拟实验用来检验有限样本条件下统计量的表现。理论结果将用于实证分析。实证研究包括三项： （1）美国各州实际人均消费和实际人均可支配性收入以及所得税率的关系；（2）采用OECD数据，研究GDP生产函数与资本和劳动力投入之间的关系；（3）我国主要城市从1995年到2014年消费者价格指数和实际人均可支配性收入以及房产价格的实证关系。
基于变动性的半导体制造系统性能预测与优化方法研究,半导体制造系统存在大量复杂且难以预测的动态不确定性，造成系统性能的波动问题突出，对其预测和优化非常复杂。本项目从影响生产最基础的变动性入手，探寻底层变动性与制造系统性能波动之间的内在规律。首先，创新提出制造系统中各产品的逻辑生产线构建方法，并在工厂物理学理论基础上结合设备突发大故障的研究，提出适应于半导体制造系统的生产变动性度量和传递方法；结合排队论、概率统计与随机过程理论，提出一种基于变动性的制造系统性能预测建模方法；最后，改进工厂物理学性能评估图进行性能优化定性分析，并结合X-Factor值和预测模型的灵敏度分析进行定量分析，提出一套以定性与定量相结合的生产变动性控制决策为基础的制造系统性能优化方法。本项目能有效度量半导体制造系统的生产变动性和系统性能，为缓解和预防半导体制造系统性能波动问题提供方法和途径，最终对提高制造系统整体性能具有实用价值，为制造系统性能分析与优化提供崭新思路。
差异化支付行为影响下的网购供应链协调机制研究,网络购物（简称“网购”）市场的蓬勃发展需要完善的网购供应链管理。然而，网购顾客需求的个性化、网购供应链结构的复杂化、运营模式的多样化以及商品和服务的集成化，极大增加了网购供应链管理的难度。本项目拟利用复杂系统理论，从支付角度描述顾客行为，揭示网购供应链运行机制，设计差异化支付与顾客行为共同影响下的网购供应链协调机制，并围绕协调机制进行建模与仿真以形成网购供应链协调策略，实现改善顾客购物体验与提高供应链主体绩效的多赢目标。项目的研究成果将丰富网购供应链协调与行为供应链等相关理论，并为电商企业优化支付服务与协调机制设计提供决策支持。
我国基本养老保险制度中的长寿风险精算管理研究,随着人口平均寿命的逐步延长，长寿风险已成为一种日益严重的社会风险，长寿风险对我国基本养老保险制度的安全稳定运行提出了严峻的挑战。针对我国基本养老保险制度中的长寿风险问题，从长寿风险识别角度，结合中国人口死亡率数据的特点，构建基于数据差异的Lee-Carter-最小叉熵死亡率模型。从风险评估角度，研究度量长寿风险的精算指标模型及基于GlueVaR的评估方法。从风险控制角度，针对社会统筹，综合人口红利、养老保险基金平衡及个人退休满意度等三个层面，研究长寿风险暴露下的延迟退休策略、构建度量延迟退休效果的集结算子评价模型；针对个人帐户，研究长寿风险暴露下的个人账户养老金动态投资策略、应对长寿风险的个人账户月养老金动态计发数模型。从风险转移角度，研究构建生存指数、分层长寿债券的设计及定价模型。通过上述研究，以期为应对基本养老保险制度中的长寿风险，促进国民经济健康发展做出贡献。
基于需求响应的自选择居民销售电价机制研究,我国现行的居民销售电价制度既不公平也缺乏市场效率，而基于居民电力用户属性的歧视性定价机制有望消除这种价格扭曲，但目前从信息甄别角度对其进行理论探讨的文献暂未见报道。本项目拟运用机制设计理论，融合实验经济学、系统仿真和计量经济学等理论和方法，通过建立两阶段的多维信息甄别博弈模型，以从理论上探讨自选择居民销售电价机制及其实施政策。主要的研究内容包括：居民电力用户类型分析与需求响应函数刻画；居民用户自选择销售电价机制设计；有利于自选择居民销售电价机制实施的政策分析。本项目尝试将多维信息甄别理论应用于居民销售电价机制设计，力图形成政府规制下的居民销售电价理论，也有望在一定程度内拓展信息甄别理论的研究范畴。
不同需求信息分享模式下供应链贸易信贷融资决策及协调研究,发展供应链贸易信贷融资已成为一股不可逆转的潮流。在不同需求信息分享模式下，研究供应链贸易信贷融资决策及协调是应对信贷紧缩和破解中小企业融资困境、实现国民经济持续健康发展需解决的核心问题。但目前尚未见到从理论上探讨该问题的文献报道。本项目以供应链成员间需求信息分享模式为切入点，立足供应链博弈结构刻画需求信息分享模式对供应链贸易信贷融资的影响；构建不同信息分享模式下供应链贸易信贷融资随机优化决策模型，以充分体现供应链贸易信贷融资激励与风险，揭示生产模式、信息关联机制、竞争水平等对供应链贸易信贷融资决策的影响规律；设计不对称信息下多零售商竞争供应链贸易信贷融资协调机制，揭示信息分享模式、信号效用和学习行为等对供应链贸易信贷融资绩效的影响规律，实现资金约束供应链的绩效改进。本项目力图形成需求信息分享下供应链贸易信贷融资理论，丰富和完善现有供应链金融理论，为解决供应链中小企业融资困境提供决策依据。
商业银行操作风险度量误差及监管遗漏风险研究,监管资本作为商业银行最低资本要求，是防范银行破产以及维持银行系统稳定的第一道防线。巴塞尔协议要求商业银行通过加总不同类型操作风险度量结果来计量总体监管资本。已有研究发现操作风险度量结果存在不可忽视的不确定性，不仅其边际分布及其相关性结构模拟不可避免地模型偏差，而且其分布特征参数估计误差会通过误差传递机制导致监管资本不可忽视的度量误差。在监管资本点估计值要求方式下，操作风险度量不确定性会导致其监管资本与实际风险暴露程度不匹配，进而出现风险监管遗漏问题。基于此，本项目拟分别在三种操作损失分类标准（产品线，损失事件类型，产品线/损失事件类型单元）下设计抽样方案，分析操作风险边际分布函数和Copula函数及其特征参数估计误差变动，研究操作风险度量误差变动趋势曲线及其变动特征，进而探寻操作风险监管遗漏风险变动的一般规律，并对监管遗漏风险进行情景分析和压力测试，设计操作风险监管资本要求方式。
基于PLD的过程质量控制经济统计多目标优化设计,统计质量控制是现代企业管理中应用最广泛最有效的质量管理和控制的手段。当前SPC应用方案设计中通常采用的性能评价指标存在不够精确不够全面的现象，导致其对过程异常的监测效率不高。目前对于更为精确的SPC性能评价方法的研究仍然很少。本项目正是针对这种情况，分别从统计性和经济性两方面研究更为精确和全面的过程质量控制性能评价方法，建立基于产品长度分布的过程质量控制经济统计多目标优化设计模型，并研究该模型的计算方法和各参数的灵敏度。在此基础上针对过程异常波动来源不确定程度不确定的普遍现象，建立能够适用于多异常来源的统计质量控制稳健经济统计多目标优化设计模型。最后，将该设计方法进一步推广到EWMA、动态、多元、ARMA等控制图方法，建立能够有效提高质量监控性能的各类优化设计模型。本项目的研究内容和结果将进一步完善现有过程质量控制的理论和应用体系，对企业质量管理和控制提供更有效的理论和实践指导。
非常规突发事件下多医院手术室联合计划与调度研究 ,非常规突发事件是目前我国公共管理中的热点和难点。面对非常规突发事件中的批量伤员，一家医院的手术室资源难以有效应对。为了提高医疗救治效率，如何对多家医院的手术室资源进行统筹安排，并在此基础上实行多医院手术室的联合计划与调度是我国现有应急决策研究中亟待解决的问题。本项目将结合非常规突发事件中批量伤员的特点，通过借鉴生产计划与调度中的理论、模型、方法，构建适用于多医院手术室联合计划与调度的优化模型和算法。主要研究内容包括：建立基于滚动计划方法的多医院手术室联合计划模型；研究分布式两阶段混合流水车间调度问题，设计多医院手术室联合调度算法；构建基于迭代策略的手术室计划与调度协调控制机制，提高计划与调度的一致性；考虑重调度执行成本，研究多医院手术室联合重调度算法。本项目将进一步丰富手术室计划与调度的理论体系，同时也为我国医疗系统提供切实可行的多医院手术室计划与调度方案，对完善我国应急管理体系意义重大。
直觉模糊信息下的三支决策粗糙集方法及知识获取研究,直觉模糊集与决策粗糙集均为处理不确定、不精确问题的重要方法，两者分别在主观偏好建模和客观数据分析中引入三支边界域表述，是典型的三支决策方法，目前正成为模糊粗糙决策研究领域的新亮点。本项目以金融风险评估问题为背景，以直觉模糊集和决策粗糙集为工具，针对决策者风险偏好的模糊性和误决策代价非平衡特点，系统研究直觉模糊信息下的决策粗糙集方法及应用。内容包括：（1）研究直觉模糊主观偏好信息下的决策粗糙集模型，建立基于主观偏好与客观数据的风险评估决策方法；（2）研究直觉模糊目标信息系统的决策粗糙集属性约简与知识获取方法，以实现海量数据中可用信息的精简；（3）研究群体代价损失函数的直觉模糊描述方法和多属性约简的集成方法，实现直觉模糊风险偏好下的决策粗糙集群决策与集成知识获取。在理论研究的同时，本项目将以金融评估为研究对象，依据理论方法研究结果，开展应用研究，为科学合理评估经济运行中的金融风险提供决策支持。
大数据背景下的网络隐私顾虑影响因素及行为效应研究:基于多维发展理论视角,大数据时代使得用户数据的商业价值获得全新释放的同时也给网络隐私带来前所未有的挑战从而引发了用户空前忧虑。缓解用户网络隐私顾虑促进理性披露隐私信息对于数据开放和大数据产业的健康发展具有重大理论意义和实践价值。已有文献从多个理论视角对网络隐私顾虑展开讨论并取得了一定的成果，但大多是基于传统环境和西方情境，极其缺乏大数据背景和中国情境下的深入洞见，且已有相关理论视角和传统单一研究方法也难以获得新的发现和见解。对此，本项目基于多维发展理论这一新视角，通过结合案例研究、大样本实证分析、心理实验以及文本分析等方法，开发大数据背景下我国用户网络隐私顾虑的测量指标体系，以及构建其前因后果及其作用机制的理论模型并进行检验。这有助于整合以往相对零散的研究发现，做出一些基于中国情境的系统性和创新性理论贡献。同时也为我国政府相关政策的制定、企业有效经营发展以及用户隐私信息理性披露等提供理论依据和政策建议。
企业电子商务供应链与环境的交互影响——基于博弈模型的研究,近年来，电子商务正以迅猛的速度在我国发展。电子商务不仅提高了企业的经济效益，直观上还有助于缓解由于城市化建设导致的交通拥堵、“雾霾”等环境问题。这是因为电子商务减少了人们的出行、缩减了流通环节、降低了碳排放量。因此研究电子商务与大气污染、交通拥堵等环境问题的关系具有重要的现实意义。然而国内外对电子商务供应链与环境关系问题的研究显著不足，尤其是基于理论模型的研究更为缺乏。电子商务的研究一般不关注环境因素的影响，而环境问题的研究往往忽略电子商务对环境的作用。本项目拟采用博弈论方法构建理论模型，依据生命周期评估法则，对产品设计、生产制造、销售配送、用户使用等供应链各环节上企业电子商务战略与环境的交互影响进行系统性研究。具体分析电子商务与环保技术创新、碳排放量及交通环境的交互作用，明确以社会福利最大化为目标的政府公共政策，为企业的电子商务决策和政府政策提供理论支持。
原油市场风险度量的多尺度建模理论与实证研究,"本项目基于多尺度分析框架，对原油市场风险度量的多尺度建模理论与实证研究进行了系统研究。主要研究内容和创新包括：1) 提出基于多尺度分析的原油市场风险特征分析框架，并在此基础上提出原油市场风险度量的多尺度分析理论,对原油市场风险波动，原油市场与经济金融系统间风险联动与投资组合风险波动进行理论分析；2）对传统风险度量模型在时频空间进行扩展，提出新的原油市场内多尺度风险度量模型；3) 基于高维多尺度分析，提出新的市场间风险联动分析与投资组合市场风险度量模型；4)利用多尺度风险分析理论及开发的多尺度风险度量技术，对原油市场风险度量进行分析，为相关部门提供决策支持。本项目的研究意义在于：1）理论上，提出多尺度风险度量理论框架与模型，解决一系列多尺度风险建模的难点问题，丰富和发展风险管理理论与技术；2) 应用上，项目的研究成果为企业生产运作和政府决策提供有益的决策依据。"
能源互联网电力与信息深度融合的风险元传递理论模型与应用研究,能源互联网是当前国内外热点研究课题和重点投资建设项目。本项目针对能源互联网中电力系统与信息系统深度融合、海量数据、风险动态双向传递等复杂特性，提出风险元传递四维（对象解析维、传递路径维、方法维和典型应用维）结构模型。通过能源互联网对象解析，识别电力与信息深度融合下相关主体风险元；利用风险元TPL三维量化模型进行风险元量化；在深入研究能源互联网风险元传递路径（链式、层式、网络式、隐式、混沌式、双向交互式）的同时，结合风险元传递大数据解析、多目标优化等方法，建立电力和信息深度融合的风险元扰动与传递模型。针对能源互联网中双侧随机电力系统下供需平衡的协调优化，先进信息技术深入融合的电力优化调度，能源流、信息流和价值流三流归集和信息物理建模及安全等关键问题，建立相应的风险元传递模型。通过开发模型求解的应用软件，从而使得风险元传递模型更具有应用价值。本项目可丰富和完善能源互联网风险管理理论与应用体系。
